model,fold,production_date,profile_name,actual_wip_ton,predicted_wip_ton,baseline_prediction
decision_tree,1,2023-08-24,IWF 250x125,391.08,70.17777777777778,226.27295454545458
decision_tree,1,2023-08-25,IWF 250x125,204.95,428.74363636363637,226.27295454545458
decision_tree,1,2023-08-28,HB 125x125,273.03,428.74363636363637,226.27295454545458
decision_tree,1,2023-09-18,IWF 250x125,473.84,70.17777777777778,226.27295454545458
decision_tree,1,2023-09-19,IWF 248x124,169.62,119.23555555555555,226.27295454545458
decision_tree,1,2023-09-20,IWF 200x100,78.72,70.17777777777778,226.27295454545458
decision_tree,1,2023-10-18,WF 150x75,736.68,633.284,226.27295454545458
decision_tree,1,2023-10-19,WF 150x75,227.64,70.17777777777778,226.27295454545458
decision_tree,1,2023-10-20,WF 250x125,259.65,70.17777777777778,226.27295454545458
decision_tree,1,2023-10-22,WF 200x100,3.2,119.23555555555555,226.27295454545458
decision_tree,1,2023-11-08,HB 100x100,132.51,59.443999999999996,226.27295454545458
decision_tree,1,2023-11-09,WF 200x100,138.02,70.17777777777778,226.27295454545458
decision_tree,1,2023-11-10,HB 150x150,357.97,70.17777777777778,226.27295454545458
decision_tree,1,2023-11-16,WF 150x75,92.57,70.17777777777778,226.27295454545458
decision_tree,1,2023-11-17,WF 150x75,121.63,70.17777777777778,226.27295454545458
decision_tree,1,2023-11-18,WF 250x125,215.96,70.17777777777778,226.27295454545458
decision_tree,1,2023-11-19,WF 250x125,140.24,70.17777777777778,226.27295454545458
decision_tree,1,2023-11-20,WF 200x100,282.15,119.23555555555555,226.27295454545458
decision_tree,1,2023-12-06,WF 200x100,45.39,70.17777777777778,226.27295454545458
decision_tree,1,2023-12-07,WF 200x100,27.84,70.17777777777778,226.27295454545458
decision_tree,1,2023-12-08,WF 250x125,572.11,70.17777777777778,226.27295454545458
decision_tree,1,2023-12-09,WF 250x125,227.24,428.74363636363637,226.27295454545458
decision_tree,1,2023-12-11,WF 150x75,51.07,70.17777777777778,226.27295454545458
decision_tree,1,2023-12-12,WF 150x75,4.7,70.17777777777778,226.27295454545458
decision_tree,1,2024-01-12,WF 200x100,100.82,633.284,226.27295454545458
decision_tree,1,2024-01-13,WF 200x100,30.35,70.17777777777778,226.27295454545458
decision_tree,1,2024-01-14,WF 200x100,42.89,70.17777777777778,226.27295454545458
decision_tree,1,2024-01-21,UNP 100x50,0.31,59.443999999999996,226.27295454545458
decision_tree,1,2024-01-22,WF 250x125,99.88,70.17777777777778,226.27295454545458
decision_tree,1,2024-01-23,WF 250x125,158.69,70.17777777777778,226.27295454545458
decision_tree,1,2024-01-24,WF 250x125,103.36,70.17777777777778,226.27295454545458
decision_tree,1,2024-01-25,WF 150x75,14.45,70.17777777777778,226.27295454545458
decision_tree,1,2024-02-19,UNP 150x75,303.66,428.74363636363637,226.27295454545458
decision_tree,1,2024-02-20,WF 150x75,26.88,70.17777777777778,226.27295454545458
decision_tree,1,2024-02-21,WF 150x75,60.31,70.17777777777778,226.27295454545458
decision_tree,1,2024-02-22,WF 200x100,81.26,70.17777777777778,226.27295454545458
decision_tree,1,2024-02-23,WF 200x100,77.25,633.284,226.27295454545458
decision_tree,1,2024-03-18,HB 125x125,119.51,59.443999999999996,226.27295454545458
decision_tree,1,2024-03-19,HB 150x150,633.69,70.17777777777778,226.27295454545458
decision_tree,1,2024-03-20,IWF 250x125,99.53,428.74363636363637,226.27295454545458
decision_tree,2,2024-03-21,IWF 150x75,7.67,179.65166666666667,204.0078571428571
decision_tree,2,2024-03-21,IWF 250x125,141.51,85.74081081081081,204.0078571428571
decision_tree,2,2024-03-22,IWF 150x75,40.99,85.74081081081081,204.0078571428571
decision_tree,2,2024-03-23,IWF 150x75,90.38,85.74081081081081,204.0078571428571
decision_tree,2,2024-04-20,IWF 200x100,260.86,85.74081081081081,204.0078571428571
decision_tree,2,2024-04-20,UNP 150x75,182.0,179.65166666666667,204.0078571428571
decision_tree,2,2024-04-21,IWF 198x99,50.53,179.65166666666667,204.0078571428571
decision_tree,2,2024-04-21,IWF 200x100,152.67,85.74081081081081,204.0078571428571
decision_tree,2,2024-04-22,IWF 200x100,222.88,85.74081081081081,204.0078571428571
decision_tree,2,2024-04-22,IWF 250x125,36.47,179.65166666666667,204.0078571428571
decision_tree,2,2024-04-23,IWF 250x125,35.84,179.65166666666667,204.0078571428571
decision_tree,2,2024-05-25,IWF 250x125,315.75,369.95,204.0078571428571
decision_tree,2,2024-05-25,UNP 100x50,24.18,179.65166666666667,204.0078571428571
decision_tree,2,2024-05-26,IWF 250x125,124.24,85.74081081081081,204.0078571428571
decision_tree,2,2024-05-27,IWF 200x100,5.45,179.65166666666667,204.0078571428571
decision_tree,2,2024-05-27,IWF 248x124,62.55,179.65166666666667,204.0078571428571
decision_tree,2,2024-05-27,IWF 250x125,117.25,85.74081081081081,204.0078571428571
decision_tree,2,2024-05-28,IWF 200x100,270.11,558.6328571428572,204.0078571428571
decision_tree,2,2024-05-29,IWF 198x99,101.95,85.74081081081081,204.0078571428571
decision_tree,2,2024-05-29,IWF 200x100,38.49,179.65166666666667,204.0078571428571
decision_tree,2,2024-05-30,IWF 150x75,78.29,85.74081081081081,204.0078571428571
decision_tree,2,2024-06-20,IWF 150x75,52.13,85.74081081081081,204.0078571428571
decision_tree,2,2024-06-20,IWF 200x100,1.68,179.65166666666667,204.0078571428571
decision_tree,2,2024-06-21,IWF 200x100,227.48,85.74081081081081,204.0078571428571
decision_tree,2,2024-06-22,IWF 200x100,153.93,85.74081081081081,204.0078571428571
decision_tree,2,2024-06-22,IWF 250x125,4.82,179.65166666666667,204.0078571428571
decision_tree,2,2024-06-23,IWF 250x125,92.92,369.95,204.0078571428571
decision_tree,2,2024-06-24,HB 150x150,25.33,354.2888888888889,204.0078571428571
decision_tree,2,2024-06-24,IWF 250x125,209.13,85.74081081081081,204.0078571428571
decision_tree,2,2024-06-25,HB 150x150,164.21,354.2888888888889,204.0078571428571
decision_tree,2,2024-07-23,IWF 150x75,81.61,85.74081081081081,204.0078571428571
decision_tree,2,2024-07-23,IWF 200x100,2.87,179.65166666666667,204.0078571428571
decision_tree,2,2024-07-24,IWF 200x100,90.29,558.6328571428572,204.0078571428571
decision_tree,2,2024-07-25,IWF 200x100,165.53,369.95,204.0078571428571
decision_tree,2,2024-07-26,IWF 198x99,57.23,179.65166666666667,204.0078571428571
decision_tree,2,2024-07-26,IWF 200x100,52.85,179.65166666666667,204.0078571428571
decision_tree,2,2024-07-26,IWF 250x125,111.53,173.64,204.0078571428571
decision_tree,2,2024-07-27,IWF 250x125,461.1,369.95,204.0078571428571
decision_tree,2,2024-07-28,IWF 250x125,418.3,369.95,204.0078571428571
decision_tree,2,2024-07-29,IWF 248x124,3.31,179.65166666666667,204.0078571428571
decision_tree,2,2024-08-26,IWF 200x100,32.6,85.74081081081081,204.0078571428571
decision_tree,2,2024-08-27,IWF 150x75,12.44,179.65166666666667,204.0078571428571
decision_tree,2,2024-08-27,IWF 200x100,74.06,85.74081081081081,204.0078571428571
decision_tree,2,2024-08-28,IWF 150x75,66.02,85.74081081081081,204.0078571428571
decision_tree,2,2024-08-29,IWF 250x125,340.69,85.74081081081081,204.0078571428571
decision_tree,2,2024-08-30,IWF 250x125,223.07,85.74081081081081,204.0078571428571
decision_tree,2,2024-09-09,IWF 150x75,59.64,85.74081081081081,204.0078571428571
decision_tree,2,2024-09-10,IWF 150x75,167.83,85.74081081081081,204.0078571428571
decision_tree,2,2024-09-11,IWF 250x125,803.18,85.74081081081081,204.0078571428571
decision_tree,2,2024-09-12,HB 150x150,239.59,354.2888888888889,204.0078571428571
decision_tree,2,2024-09-13,IWF 200x100,362.16,85.74081081081081,204.0078571428571
decision_tree,2,2024-09-14,IWF 200x100,253.56,85.74081081081081,204.0078571428571
decision_tree,2,2024-10-24,HB 150x150,112.33,354.2888888888889,204.0078571428571
decision_tree,2,2024-10-24,IWF 248x124,2.66,179.65166666666667,204.0078571428571
decision_tree,2,2024-10-25,IWF 248x124,19.37,179.65166666666667,204.0078571428571
decision_tree,2,2024-10-25,IWF 250x125,75.09,369.95,204.0078571428571
decision_tree,2,2024-10-26,IWF 198x99,2.99,173.64,204.0078571428571
decision_tree,2,2024-10-26,IWF 250x125,12.16,85.74081081081081,204.0078571428571
decision_tree,3,2024-10-27,IWF 200x100,14.8,77.9116216216216,174.17190140845074
decision_tree,3,2024-10-28,IWF 150x75,2.57,66.87583333333333,174.17190140845074
decision_tree,3,2024-10-28,IWF 200x100,3.96,218.3736,174.17190140845074
decision_tree,3,2024-10-29,HB 125x125,8.5,66.87583333333333,174.17190140845074
decision_tree,3,2024-10-29,IWF 150x75,20.03,77.9116216216216,174.17190140845074
decision_tree,3,2024-10-30,HB 125x125,13.03,10.360625,174.17190140845074
decision_tree,3,2024-11-25,HB 175x175,22.11,10.360625,174.17190140845074
decision_tree,3,2024-11-25,IWF 150x75,78.3,218.3736,174.17190140845074
decision_tree,3,2024-11-26,IWF 150x75,1.01,218.3736,174.17190140845074
decision_tree,3,2024-11-28,IWF 250x125,57.07,218.3736,174.17190140845074
decision_tree,3,2024-11-29,IWF 250x125,18.44,312.614,174.17190140845074
decision_tree,3,2024-11-30,IWF 248x124,35.93,218.3736,174.17190140845074
decision_tree,3,2024-11-30,IWF 250x125,61.15,66.87583333333333,174.17190140845074
decision_tree,3,2025-01-22,IWF 194x150,35.16,218.3736,174.17190140845074
decision_tree,3,2025-01-23,HB 175x175,123.62,218.3736,174.17190140845074
decision_tree,3,2025-01-24,HB 100x100,150.88,218.3736,174.17190140845074
decision_tree,3,2025-02-10,IWF 250x125,70.81,218.3736,174.17190140845074
decision_tree,3,2025-02-10,L 150x150x12,13.04,10.360625,174.17190140845074
decision_tree,3,2025-02-10,L 150x150x15,18.91,10.360625,174.17190140845074
decision_tree,3,2025-02-11,IWF 250x125,9.74,312.614,174.17190140845074
decision_tree,3,2025-02-12,HB 150x150,0.71,10.360625,174.17190140845074
decision_tree,3,2025-02-12,IWF 250x125,16.82,218.3736,174.17190140845074
decision_tree,3,2025-02-13,HB 150x150,11.57,218.3736,174.17190140845074
decision_tree,3,2025-02-13,IWF 200x100,4.41,66.87583333333333,174.17190140845074
decision_tree,3,2025-02-14,IWF 200x100,17.56,474.53666666666663,174.17190140845074
decision_tree,3,2025-02-15,IWF 150x75,23.4,218.3736,174.17190140845074
decision_tree,3,2025-02-15,IWF 198x99,13.76,66.87583333333333,174.17190140845074
decision_tree,3,2025-02-15,IWF 200x100,7.52,10.360625,174.17190140845074
decision_tree,3,2025-03-17,HB 175x175,53.22,66.87583333333333,174.17190140845074
decision_tree,3,2025-03-17,IWF 250x125,236.89,218.3736,174.17190140845074
decision_tree,3,2025-03-18,IWF 200x100,95.3,77.9116216216216,174.17190140845074
decision_tree,3,2025-03-19,IWF 150x75,169.76,77.9116216216216,174.17190140845074
decision_tree,3,2025-03-19,IWF 200x100,20.39,10.360625,174.17190140845074
decision_tree,3,2025-03-20,IWF 150x75,193.49,77.9116216216216,174.17190140845074
decision_tree,3,2025-03-20,L 150x150x15,73.6,66.87583333333333,174.17190140845074
decision_tree,3,2025-03-21,L 150x150x12,6.08,10.360625,174.17190140845074
decision_tree,3,2025-03-21,L 150x150x15,71.71,10.360625,174.17190140845074
decision_tree,3,2025-04-21,L 130x130x10,75.08,10.360625,174.17190140845074
decision_tree,3,2025-04-21,L 130x130x12,1.22,10.360625,174.17190140845074
decision_tree,3,2025-04-22,IWF 300x150,140.49,218.3736,174.17190140845074
decision_tree,3,2025-04-23,L 150x150x12,136.56,66.87583333333333,174.17190140845074
decision_tree,3,2025-04-23,L 150x150x15,47.2,10.360625,174.17190140845074
decision_tree,3,2025-04-24,IWF 200x100,26.33,77.9116216216216,174.17190140845074
decision_tree,3,2025-04-25,IWF 150x75,114.41,474.53666666666663,174.17190140845074
decision_tree,3,2025-04-26,IWF 150x75,4.7,66.87583333333333,174.17190140845074
decision_tree,3,2025-05-19,IWF 300x150,277.27,218.3736,174.17190140845074
decision_tree,3,2025-05-19,UNP 200x80,16.86,10.360625,174.17190140845074
decision_tree,3,2025-05-20,IWF 200x100,97.62,218.3736,174.17190140845074
decision_tree,3,2025-05-20,IWF 300x150,50.43,66.87583333333333,174.17190140845074
decision_tree,3,2025-05-21,IWF 200x100,169.3,218.3736,174.17190140845074
decision_tree,3,2025-05-21,IWF 248x124,62.67,66.87583333333333,174.17190140845074
decision_tree,3,2025-05-21,IWF 250x125,48.92,66.87583333333333,174.17190140845074
decision_tree,3,2025-05-22,IWF 250x125,290.93,77.9116216216216,174.17190140845074
decision_tree,3,2025-05-23,IWF 250x125,129.46,312.614,174.17190140845074
decision_tree,3,2025-05-24,IWF 250x125,77.42,10.360625,174.17190140845074
decision_tree,3,2025-05-24,UNP 100x50,167.62,66.87583333333333,174.17190140845074
decision_tree,3,2025-06-24,IWF 300x150,323.93,218.3736,174.17190140845074
decision_tree,3,2025-06-24,UNP 150x75,133.43,66.87583333333333,174.17190140845074
decision_tree,3,2025-06-25,IWF 300x150,133.44,171.34875,174.17190140845074
decision_tree,3,2025-06-26,IWF 198x99,89.49,218.3736,174.17190140845074
decision_tree,3,2025-06-26,IWF 200x100,7.1,10.360625,174.17190140845074
decision_tree,3,2025-06-26,IWF 300x150,45.31,66.87583333333333,174.17190140845074
decision_tree,3,2025-06-27,IWF 200x100,238.01,474.53666666666663,174.17190140845074
decision_tree,3,2025-06-28,IWF 200x100,278.89,474.53666666666663,174.17190140845074
decision_tree,4,2025-06-30,IWF 150x75,16.13,611.2755555555555,144.1347087378641
decision_tree,4,2025-07-01,IWF 150x75,173.57,28.040000000000003,144.1347087378641
decision_tree,4,2025-07-01,IWF 250x125,40.76,38.093333333333334,144.1347087378641
decision_tree,4,2025-07-02,IWF 250x125,109.27,250.52923076923076,144.1347087378641
decision_tree,4,2025-07-03,HB 100x100,84.16,118.83333333333333,144.1347087378641
decision_tree,4,2025-07-14,IWF 248x124,15.96,38.093333333333334,144.1347087378641
decision_tree,4,2025-07-14,IWF 250x125,93.03,250.52923076923076,144.1347087378641
decision_tree,4,2025-07-15,IWF 250x125,96.91,28.040000000000003,144.1347087378641
decision_tree,4,2025-07-15,IWF 300x150,54.37,196.99571428571429,144.1347087378641
decision_tree,4,2025-07-16,IWF 300x150,168.23,611.2755555555555,144.1347087378641
decision_tree,4,2025-07-17,IWF 200x100,381.6,116.86058823529412,144.1347087378641
decision_tree,4,2025-07-17,IWF 300x150,122.81,38.093333333333334,144.1347087378641
decision_tree,4,2025-07-18,IWF 150x75,278.88,116.86058823529412,144.1347087378641
decision_tree,4,2025-07-18,IWF 200x100,41.57,16.874285714285715,144.1347087378641
decision_tree,4,2025-08-04,IWF 150x75,122.47,75.04357142857143,144.1347087378641
decision_tree,4,2025-08-05,IWF 198x99,99.4,38.093333333333334,144.1347087378641
decision_tree,4,2025-08-05,IWF 200x100,337.93,116.86058823529412,144.1347087378641
decision_tree,4,2025-08-06,IWF 200x100,713.53,250.52923076923076,144.1347087378641
decision_tree,4,2025-08-07,IWF 298x149,125.48,118.83333333333333,144.1347087378641
decision_tree,4,2025-08-07,IWF 300x150,91.11,38.093333333333334,144.1347087378641
decision_tree,4,2025-08-08,IWF 300x150,271.73,611.2755555555555,144.1347087378641
decision_tree,4,2025-08-09,IWF 300x150,183.65,250.52923076923076,144.1347087378641
decision_tree,4,2025-08-11,L 150x150x12,93.69,250.52923076923076,144.1347087378641
decision_tree,4,2025-08-12,IWF 248x124,310.25,74.47444444444446,144.1347087378641
decision_tree,4,2025-08-12,IWF 250x125,658.04,28.040000000000003,144.1347087378641
decision_tree,4,2025-08-13,HB 150x150,254.75,116.86058823529412,144.1347087378641
decision_tree,4,2025-08-13,IWF 250x125,450.19,38.093333333333334,144.1347087378641
decision_tree,4,2025-08-14,HB 125x125,109.99,38.093333333333334,144.1347087378641
decision_tree,4,2025-08-14,HB 150x150,422.47,28.040000000000003,144.1347087378641
decision_tree,4,2025-08-15,HB 125x125,45.03,118.83333333333333,144.1347087378641
decision_tree,4,2025-09-15,IWF 248x124,155.28,38.093333333333334,144.1347087378641
decision_tree,4,2025-09-15,IWF 250x125,263.35,38.093333333333334,144.1347087378641
decision_tree,4,2025-09-15,UB 248x124,13.86,3.2758333333333334,144.1347087378641
decision_tree,4,2025-09-15,UNP 250x90,71.41,38.093333333333334,144.1347087378641
decision_tree,4,2025-09-16,IWF 250x125,475.02,141.4475,144.1347087378641
decision_tree,4,2025-09-17,IWF 198x99,30.79,38.093333333333334,144.1347087378641
decision_tree,4,2025-09-17,IWF 250x125,145.31,28.040000000000003,144.1347087378641
decision_tree,4,2025-09-18,IWF 200x100,83.77,75.04357142857143,144.1347087378641
decision_tree,4,2025-09-19,IWF 150x75,2.21,16.874285714285715,144.1347087378641
decision_tree,4,2025-09-19,IWF 200x100,52.84,75.04357142857143,144.1347087378641
decision_tree,4,2025-09-20,IWF 150x75,11.56,28.040000000000003,144.1347087378641
decision_tree,4,2025-09-20,UB 150x75,0.37,3.2758333333333334,144.1347087378641
decision_tree,4,2025-09-21,IWF 300x150,65.49,118.83333333333333,144.1347087378641
decision_tree,4,2025-09-21,L 150x150x15,68.67,74.47444444444446,144.1347087378641
decision_tree,4,2025-09-22,IWF 300x150,140.93,250.52923076923076,144.1347087378641
decision_tree,4,2025-09-23,HB 175x175,93.12,74.47444444444446,144.1347087378641
decision_tree,4,2025-09-23,L 130x130x12,122.63,74.47444444444446,144.1347087378641
decision_tree,4,2025-10-20,UNP 150x75,370.29,250.52923076923076,144.1347087378641
decision_tree,4,2025-10-21,IWF 250x125,121.1,250.52923076923076,144.1347087378641
decision_tree,4,2025-10-22,IWF 250x125,98.83,196.99571428571429,144.1347087378641
decision_tree,4,2025-10-23,IWF 250x125,211.9,250.52923076923076,144.1347087378641
decision_tree,4,2025-10-24,IWF 198x99,21.59,38.093333333333334,144.1347087378641
decision_tree,4,2025-10-24,IWF 200x100,76.7,75.04357142857143,144.1347087378641
decision_tree,4,2025-10-25,HB 150x150,83.95,38.093333333333334,144.1347087378641
decision_tree,4,2025-10-25,IWF 200x100,293.63,28.040000000000003,144.1347087378641
decision_tree,4,2025-10-26,HB 150x150,116.76,38.093333333333334,144.1347087378641
decision_tree,4,2025-10-26,L 130x130x10,80.02,116.86058823529412,144.1347087378641
decision_tree,4,2025-10-27,IWF 300x150,0.57,3.2758333333333334,144.1347087378641
decision_tree,4,2025-10-27,L 130x130x12,78.53,250.52923076923076,144.1347087378641
decision_tree,4,2025-10-28,IWF 300x150,419.7,611.2755555555555,144.1347087378641
decision_tree,4,2025-10-29,L 150x150x12,77.9,250.52923076923076,144.1347087378641
decision_tree,4,2025-10-29,L 150x150x15,14.31,38.093333333333334,144.1347087378641
decision_tree,4,2025-10-30,IWF 150x75,41.43,250.52923076923076,144.1347087378641
decision_tree,4,2025-10-30,L 150x150x15,10.89,38.093333333333334,144.1347087378641
random_forest,1,2023-08-24,IWF 250x125,391.08,321.16699108147094,226.27295454545458
random_forest,1,2023-08-25,IWF 250x125,204.95,246.86983688125324,226.27295454545458
random_forest,1,2023-08-28,HB 125x125,273.03,127.72262658599108,226.27295454545458
random_forest,1,2023-09-18,IWF 250x125,473.84,359.514318229287,226.27295454545458
random_forest,1,2023-09-19,IWF 248x124,169.62,107.1948688676474,226.27295454545458
random_forest,1,2023-09-20,IWF 200x100,78.72,254.76509627773228,226.27295454545458
random_forest,1,2023-10-18,WF 150x75,736.68,502.8709780827434,226.27295454545458
random_forest,1,2023-10-19,WF 150x75,227.64,117.58220354485826,226.27295454545458
random_forest,1,2023-10-20,WF 250x125,259.65,299.8907316818722,226.27295454545458
random_forest,1,2023-10-22,WF 200x100,3.2,140.33325932502655,226.27295454545458
random_forest,1,2023-11-08,HB 100x100,132.51,69.08478340408108,226.27295454545458
random_forest,1,2023-11-09,WF 200x100,138.02,127.71884761374416,226.27295454545458
random_forest,1,2023-11-10,HB 150x150,357.97,274.246136649659,226.27295454545458
random_forest,1,2023-11-16,WF 150x75,92.57,278.93312554989654,226.27295454545458
random_forest,1,2023-11-17,WF 150x75,121.63,148.45356016330936,226.27295454545458
random_forest,1,2023-11-18,WF 250x125,215.96,264.313680728847,226.27295454545458
random_forest,1,2023-11-19,WF 250x125,140.24,212.70737517334254,226.27295454545458
random_forest,1,2023-11-20,WF 200x100,282.15,194.55076785811946,226.27295454545458
random_forest,1,2023-12-06,WF 200x100,45.39,243.83358313372784,226.27295454545458
random_forest,1,2023-12-07,WF 200x100,27.84,221.89670332111658,226.27295454545458
random_forest,1,2023-12-08,WF 250x125,572.11,362.7308498076287,226.27295454545458
random_forest,1,2023-12-09,WF 250x125,227.24,269.7884432524587,226.27295454545458
random_forest,1,2023-12-11,WF 150x75,51.07,215.95518957740285,226.27295454545458
random_forest,1,2023-12-12,WF 150x75,4.7,88.96517471088958,226.27295454545458
random_forest,1,2024-01-12,WF 200x100,100.82,536.2634292516265,226.27295454545458
random_forest,1,2024-01-13,WF 200x100,30.35,253.4109313640803,226.27295454545458
random_forest,1,2024-01-14,WF 200x100,42.89,144.4694815203562,226.27295454545458
random_forest,1,2024-01-21,UNP 100x50,0.31,77.81299904688952,226.27295454545458
random_forest,1,2024-01-22,WF 250x125,99.88,351.1966643051086,226.27295454545458
random_forest,1,2024-01-23,WF 250x125,158.69,278.25374290284867,226.27295454545458
random_forest,1,2024-01-24,WF 250x125,103.36,262.79381079545595,226.27295454545458
random_forest,1,2024-01-25,WF 150x75,14.45,91.57528461247904,226.27295454545458
random_forest,1,2024-02-19,UNP 150x75,303.66,197.6425539959711,226.27295454545458
random_forest,1,2024-02-20,WF 150x75,26.88,183.85710755486224,226.27295454545458
random_forest,1,2024-02-21,WF 150x75,60.31,349.5889591482698,226.27295454545458
random_forest,1,2024-02-22,WF 200x100,81.26,239.929262000369,226.27295454545458
random_forest,1,2024-02-23,WF 200x100,77.25,540.8707867978026,226.27295454545458
random_forest,1,2024-03-18,HB 125x125,119.51,105.2951496014955,226.27295454545458
random_forest,1,2024-03-19,HB 150x150,633.69,369.40174529454384,226.27295454545458
random_forest,1,2024-03-20,IWF 250x125,99.53,328.87402235761704,226.27295454545458
random_forest,2,2024-03-21,IWF 150x75,7.67,75.80941857465406,204.0078571428571
random_forest,2,2024-03-21,IWF 250x125,141.51,269.983666806297,204.0078571428571
random_forest,2,2024-03-22,IWF 150x75,40.99,109.04616069421903,204.0078571428571
random_forest,2,2024-03-23,IWF 150x75,90.38,98.77611452178435,204.0078571428571
random_forest,2,2024-04-20,IWF 200x100,260.86,89.89680328570898,204.0078571428571
random_forest,2,2024-04-20,UNP 150x75,182.0,114.23937271587592,204.0078571428571
random_forest,2,2024-04-21,IWF 198x99,50.53,108.2199517342783,204.0078571428571
random_forest,2,2024-04-21,IWF 200x100,152.67,115.04782749958923,204.0078571428571
random_forest,2,2024-04-22,IWF 200x100,222.88,97.27826465306931,204.0078571428571
random_forest,2,2024-04-22,IWF 250x125,36.47,165.32669555435254,204.0078571428571
random_forest,2,2024-04-23,IWF 250x125,35.84,188.4489480955456,204.0078571428571
random_forest,2,2024-05-25,IWF 250x125,315.75,286.95413280089485,204.0078571428571
random_forest,2,2024-05-25,UNP 100x50,24.18,84.32809605381784,204.0078571428571
random_forest,2,2024-05-26,IWF 250x125,124.24,236.68946825082946,204.0078571428571
random_forest,2,2024-05-27,IWF 200x100,5.45,89.95017244745335,204.0078571428571
random_forest,2,2024-05-27,IWF 248x124,62.55,122.99980753664545,204.0078571428571
random_forest,2,2024-05-27,IWF 250x125,117.25,203.0627844025229,204.0078571428571
random_forest,2,2024-05-28,IWF 200x100,270.11,420.6919995443424,204.0078571428571
random_forest,2,2024-05-29,IWF 198x99,101.95,144.65584028904135,204.0078571428571
random_forest,2,2024-05-29,IWF 200x100,38.49,137.574288167914,204.0078571428571
random_forest,2,2024-05-30,IWF 150x75,78.29,132.57351805032965,204.0078571428571
random_forest,2,2024-06-20,IWF 150x75,52.13,109.97020779509123,204.0078571428571
random_forest,2,2024-06-20,IWF 200x100,1.68,93.29002872202412,204.0078571428571
random_forest,2,2024-06-21,IWF 200x100,227.48,160.75559407938505,204.0078571428571
random_forest,2,2024-06-22,IWF 200x100,153.93,155.37566359459237,204.0078571428571
random_forest,2,2024-06-22,IWF 250x125,4.82,175.42087121681527,204.0078571428571
random_forest,2,2024-06-23,IWF 250x125,92.92,266.0957022110173,204.0078571428571
random_forest,2,2024-06-24,HB 150x150,25.33,235.53430341847988,204.0078571428571
random_forest,2,2024-06-24,IWF 250x125,209.13,236.09336613498115,204.0078571428571
random_forest,2,2024-06-25,HB 150x150,164.21,239.81722137435116,204.0078571428571
random_forest,2,2024-07-23,IWF 150x75,81.61,88.4934592573467,204.0078571428571
random_forest,2,2024-07-23,IWF 200x100,2.87,83.53077314611201,204.0078571428571
random_forest,2,2024-07-24,IWF 200x100,90.29,434.44644125022654,204.0078571428571
random_forest,2,2024-07-25,IWF 200x100,165.53,229.32631134850604,204.0078571428571
random_forest,2,2024-07-26,IWF 198x99,57.23,112.80309452718261,204.0078571428571
random_forest,2,2024-07-26,IWF 200x100,52.85,136.8879513590574,204.0078571428571
random_forest,2,2024-07-26,IWF 250x125,111.53,256.50923716098157,204.0078571428571
random_forest,2,2024-07-27,IWF 250x125,461.1,276.089699745935,204.0078571428571
random_forest,2,2024-07-28,IWF 250x125,418.3,250.36343130825782,204.0078571428571
random_forest,2,2024-07-29,IWF 248x124,3.31,119.07969186268771,204.0078571428571
random_forest,2,2024-08-26,IWF 200x100,32.6,115.22025441433487,204.0078571428571
random_forest,2,2024-08-27,IWF 150x75,12.44,99.61749850019264,204.0078571428571
random_forest,2,2024-08-27,IWF 200x100,74.06,129.4723676178148,204.0078571428571
random_forest,2,2024-08-28,IWF 150x75,66.02,105.87552967387894,204.0078571428571
random_forest,2,2024-08-29,IWF 250x125,340.69,286.4096971529307,204.0078571428571
random_forest,2,2024-08-30,IWF 250x125,223.07,214.9246851209319,204.0078571428571
random_forest,2,2024-09-09,IWF 150x75,59.64,91.29680023847678,204.0078571428571
random_forest,2,2024-09-10,IWF 150x75,167.83,87.49877007835688,204.0078571428571
random_forest,2,2024-09-11,IWF 250x125,803.18,300.5879574567923,204.0078571428571
random_forest,2,2024-09-12,HB 150x150,239.59,244.66264584551965,204.0078571428571
random_forest,2,2024-09-13,IWF 200x100,362.16,130.16928523632996,204.0078571428571
random_forest,2,2024-09-14,IWF 200x100,253.56,130.52522842730835,204.0078571428571
random_forest,2,2024-10-24,HB 150x150,112.33,375.12261624981466,204.0078571428571
random_forest,2,2024-10-24,IWF 248x124,2.66,85.48898182468346,204.0078571428571
random_forest,2,2024-10-25,IWF 248x124,19.37,151.84436937345325,204.0078571428571
random_forest,2,2024-10-25,IWF 250x125,75.09,291.08514601747396,204.0078571428571
random_forest,2,2024-10-26,IWF 198x99,2.99,205.0561073385472,204.0078571428571
random_forest,2,2024-10-26,IWF 250x125,12.16,214.73405143788239,204.0078571428571
random_forest,3,2024-10-27,IWF 200x100,14.8,236.48825619322574,174.17190140845074
random_forest,3,2024-10-28,IWF 150x75,2.57,115.91053898597261,174.17190140845074
random_forest,3,2024-10-28,IWF 200x100,3.96,109.53461550783258,174.17190140845074
random_forest,3,2024-10-29,HB 125x125,8.5,103.97447601090862,174.17190140845074
random_forest,3,2024-10-29,IWF 150x75,20.03,91.53100835161918,174.17190140845074
random_forest,3,2024-10-30,HB 125x125,13.03,37.09825782775612,174.17190140845074
random_forest,3,2024-11-25,HB 175x175,22.11,33.18969515497541,174.17190140845074
random_forest,3,2024-11-25,IWF 150x75,78.3,140.14286294296443,174.17190140845074
random_forest,3,2024-11-26,IWF 150x75,1.01,141.94886515203024,174.17190140845074
random_forest,3,2024-11-28,IWF 250x125,57.07,394.89724847360355,174.17190140845074
random_forest,3,2024-11-29,IWF 250x125,18.44,257.6754971878436,174.17190140845074
random_forest,3,2024-11-30,IWF 248x124,35.93,115.29338151968746,174.17190140845074
random_forest,3,2024-11-30,IWF 250x125,61.15,90.69061635577194,174.17190140845074
random_forest,3,2025-01-22,IWF 194x150,35.16,123.7799823789139,174.17190140845074
random_forest,3,2025-01-23,HB 175x175,123.62,83.31424010607573,174.17190140845074
random_forest,3,2025-01-24,HB 100x100,150.88,130.5045921498839,174.17190140845074
random_forest,3,2025-02-10,IWF 250x125,70.81,136.27618545985848,174.17190140845074
random_forest,3,2025-02-10,L 150x150x12,13.04,29.546642410869328,174.17190140845074
random_forest,3,2025-02-10,L 150x150x15,18.91,26.92797240066617,174.17190140845074
random_forest,3,2025-02-11,IWF 250x125,9.74,280.40978421961785,174.17190140845074
random_forest,3,2025-02-12,HB 150x150,0.71,61.570053175522425,174.17190140845074
random_forest,3,2025-02-12,IWF 250x125,16.82,133.1636713964374,174.17190140845074
random_forest,3,2025-02-13,HB 150x150,11.57,165.5133491489378,174.17190140845074
random_forest,3,2025-02-13,IWF 200x100,4.41,101.76492416495118,174.17190140845074
random_forest,3,2025-02-14,IWF 200x100,17.56,316.0308918730862,174.17190140845074
random_forest,3,2025-02-15,IWF 150x75,23.4,127.62627249552487,174.17190140845074
random_forest,3,2025-02-15,IWF 198x99,13.76,50.34569599049818,174.17190140845074
random_forest,3,2025-02-15,IWF 200x100,7.52,34.570325406701215,174.17190140845074
random_forest,3,2025-03-17,HB 175x175,53.22,46.88034423887689,174.17190140845074
random_forest,3,2025-03-17,IWF 250x125,236.89,127.0631376814308,174.17190140845074
random_forest,3,2025-03-18,IWF 200x100,95.3,202.513293555132,174.17190140845074
random_forest,3,2025-03-19,IWF 150x75,169.76,87.61427503212778,174.17190140845074
random_forest,3,2025-03-19,IWF 200x100,20.39,32.04086892004393,174.17190140845074
random_forest,3,2025-03-20,IWF 150x75,193.49,106.493698595518,174.17190140845074
random_forest,3,2025-03-20,L 150x150x15,73.6,57.13513640947718,174.17190140845074
random_forest,3,2025-03-21,L 150x150x12,6.08,22.352576413125366,174.17190140845074
random_forest,3,2025-03-21,L 150x150x15,71.71,36.76394807511612,174.17190140845074
random_forest,3,2025-04-21,L 130x130x10,75.08,33.92768304850886,174.17190140845074
random_forest,3,2025-04-21,L 130x130x12,1.22,19.631611391430287,174.17190140845074
random_forest,3,2025-04-22,IWF 300x150,140.49,156.77891410684128,174.17190140845074
random_forest,3,2025-04-23,L 150x150x12,136.56,187.17891625642054,174.17190140845074
random_forest,3,2025-04-23,L 150x150x15,47.2,30.13017450525302,174.17190140845074
random_forest,3,2025-04-24,IWF 200x100,26.33,112.46241900520177,174.17190140845074
random_forest,3,2025-04-25,IWF 150x75,114.41,338.83964800873184,174.17190140845074
random_forest,3,2025-04-26,IWF 150x75,4.7,112.9138161816007,174.17190140845074
random_forest,3,2025-05-19,IWF 300x150,277.27,252.16037494706222,174.17190140845074
random_forest,3,2025-05-19,UNP 200x80,16.86,23.431238509567518,174.17190140845074
random_forest,3,2025-05-20,IWF 200x100,97.62,148.78039130224084,174.17190140845074
random_forest,3,2025-05-20,IWF 300x150,50.43,58.11956293804087,174.17190140845074
random_forest,3,2025-05-21,IWF 200x100,169.3,102.66214162397664,174.17190140845074
random_forest,3,2025-05-21,IWF 248x124,62.67,43.66628500677066,174.17190140845074
random_forest,3,2025-05-21,IWF 250x125,48.92,47.50792167094068,174.17190140845074
random_forest,3,2025-05-22,IWF 250x125,290.93,316.2833059721941,174.17190140845074
random_forest,3,2025-05-23,IWF 250x125,129.46,221.22333120918583,174.17190140845074
random_forest,3,2025-05-24,IWF 250x125,77.42,38.497352818278095,174.17190140845074
random_forest,3,2025-05-24,UNP 100x50,167.62,117.66423894228627,174.17190140845074
random_forest,3,2025-06-24,IWF 300x150,323.93,154.44532450644192,174.17190140845074
random_forest,3,2025-06-24,UNP 150x75,133.43,53.51992337793823,174.17190140845074
random_forest,3,2025-06-25,IWF 300x150,133.44,412.68263852174084,174.17190140845074
random_forest,3,2025-06-26,IWF 198x99,89.49,131.69692030810242,174.17190140845074
random_forest,3,2025-06-26,IWF 200x100,7.1,27.004931160091946,174.17190140845074
random_forest,3,2025-06-26,IWF 300x150,45.31,57.96987364757042,174.17190140845074
random_forest,3,2025-06-27,IWF 200x100,238.01,341.20361088275007,174.17190140845074
random_forest,3,2025-06-28,IWF 200x100,278.89,336.48229327228205,174.17190140845074
random_forest,4,2025-06-30,IWF 150x75,16.13,277.33816365373053,144.1347087378641
random_forest,4,2025-07-01,IWF 150x75,173.57,69.14228614596028,144.1347087378641
random_forest,4,2025-07-01,IWF 250x125,40.76,57.371947403305356,144.1347087378641
random_forest,4,2025-07-02,IWF 250x125,109.27,193.18758646141663,144.1347087378641
random_forest,4,2025-07-03,HB 100x100,84.16,87.2208602699113,144.1347087378641
random_forest,4,2025-07-14,IWF 248x124,15.96,47.582960077637836,144.1347087378641
random_forest,4,2025-07-14,IWF 250x125,93.03,176.57704833780977,144.1347087378641
random_forest,4,2025-07-15,IWF 250x125,96.91,130.82313222130531,144.1347087378641
random_forest,4,2025-07-15,IWF 300x150,54.37,126.58963580774342,144.1347087378641
random_forest,4,2025-07-16,IWF 300x150,168.23,332.36397091013157,144.1347087378641
random_forest,4,2025-07-17,IWF 200x100,381.6,132.58824117381212,144.1347087378641
random_forest,4,2025-07-17,IWF 300x150,122.81,45.56953266959892,144.1347087378641
random_forest,4,2025-07-18,IWF 150x75,278.88,121.83730155729481,144.1347087378641
random_forest,4,2025-07-18,IWF 200x100,41.57,27.858071907525705,144.1347087378641
random_forest,4,2025-08-04,IWF 150x75,122.47,128.91573678739815,144.1347087378641
random_forest,4,2025-08-05,IWF 198x99,99.4,39.400171995986845,144.1347087378641
random_forest,4,2025-08-05,IWF 200x100,337.93,141.17130085949762,144.1347087378641
random_forest,4,2025-08-06,IWF 200x100,713.53,141.80547819166569,144.1347087378641
random_forest,4,2025-08-07,IWF 298x149,125.48,109.31822571454614,144.1347087378641
random_forest,4,2025-08-07,IWF 300x150,91.11,118.25426658901368,144.1347087378641
random_forest,4,2025-08-08,IWF 300x150,271.73,422.6840805850357,144.1347087378641
random_forest,4,2025-08-09,IWF 300x150,183.65,360.9548816252293,144.1347087378641
random_forest,4,2025-08-11,L 150x150x12,93.69,158.17885265624628,144.1347087378641
random_forest,4,2025-08-12,IWF 248x124,310.25,80.20851902303737,144.1347087378641
random_forest,4,2025-08-12,IWF 250x125,658.04,89.09863352517694,144.1347087378641
random_forest,4,2025-08-13,HB 150x150,254.75,137.13161698160917,144.1347087378641
random_forest,4,2025-08-13,IWF 250x125,450.19,66.87893335802924,144.1347087378641
random_forest,4,2025-08-14,HB 125x125,109.99,49.63501172055557,144.1347087378641
random_forest,4,2025-08-14,HB 150x150,422.47,138.39765921988476,144.1347087378641
random_forest,4,2025-08-15,HB 125x125,45.03,113.52831132244586,144.1347087378641
random_forest,4,2025-09-15,IWF 248x124,155.28,50.54400788672057,144.1347087378641
random_forest,4,2025-09-15,IWF 250x125,263.35,51.64467670894261,144.1347087378641
random_forest,4,2025-09-15,UB 248x124,13.86,8.51177961696284,144.1347087378641
random_forest,4,2025-09-15,UNP 250x90,71.41,38.00227884208062,144.1347087378641
random_forest,4,2025-09-16,IWF 250x125,475.02,187.31427604842963,144.1347087378641
random_forest,4,2025-09-17,IWF 198x99,30.79,42.04209650629731,144.1347087378641
random_forest,4,2025-09-17,IWF 250x125,145.31,117.00098796049083,144.1347087378641
random_forest,4,2025-09-18,IWF 200x100,83.77,148.48816400152793,144.1347087378641
random_forest,4,2025-09-19,IWF 150x75,2.21,21.550396053874067,144.1347087378641
random_forest,4,2025-09-19,IWF 200x100,52.84,102.4290835572507,144.1347087378641
random_forest,4,2025-09-20,IWF 150x75,11.56,74.0712546558565,144.1347087378641
random_forest,4,2025-09-20,UB 150x75,0.37,8.980174528550117,144.1347087378641
random_forest,4,2025-09-21,IWF 300x150,65.49,133.2296101162652,144.1347087378641
random_forest,4,2025-09-21,L 150x150x15,68.67,105.43622504143208,144.1347087378641
random_forest,4,2025-09-22,IWF 300x150,140.93,215.45788341175705,144.1347087378641
random_forest,4,2025-09-23,HB 175x175,93.12,60.461264244676755,144.1347087378641
random_forest,4,2025-09-23,L 130x130x12,122.63,67.62642698767388,144.1347087378641
random_forest,4,2025-10-20,UNP 150x75,370.29,172.79725831030447,144.1347087378641
random_forest,4,2025-10-21,IWF 250x125,121.1,155.16488178396278,144.1347087378641
random_forest,4,2025-10-22,IWF 250x125,98.83,116.77220640280018,144.1347087378641
random_forest,4,2025-10-23,IWF 250x125,211.9,299.5804848513369,144.1347087378641
random_forest,4,2025-10-24,IWF 198x99,21.59,45.32963187776263,144.1347087378641
random_forest,4,2025-10-24,IWF 200x100,76.7,108.10712520989752,144.1347087378641
random_forest,4,2025-10-25,HB 150x150,83.95,60.37144449386322,144.1347087378641
random_forest,4,2025-10-25,IWF 200x100,293.63,98.5305394355869,144.1347087378641
random_forest,4,2025-10-26,HB 150x150,116.76,74.45996455879528,144.1347087378641
random_forest,4,2025-10-26,L 130x130x10,80.02,125.86686809451399,144.1347087378641
random_forest,4,2025-10-27,IWF 300x150,0.57,18.742173527520904,144.1347087378641
random_forest,4,2025-10-27,L 130x130x12,78.53,114.74400588494437,144.1347087378641
random_forest,4,2025-10-28,IWF 300x150,419.7,312.4712967799869,144.1347087378641
random_forest,4,2025-10-29,L 150x150x12,77.9,113.32497073687773,144.1347087378641
random_forest,4,2025-10-29,L 150x150x15,14.31,40.53777968541605,144.1347087378641
random_forest,4,2025-10-30,IWF 150x75,41.43,181.6459785461114,144.1347087378641
random_forest,4,2025-10-30,L 150x150x15,10.89,42.11393956590232,144.1347087378641
extra_trees,1,2023-08-24,IWF 250x125,391.08,574.0287021144544,226.27295454545458
extra_trees,1,2023-08-25,IWF 250x125,204.95,538.4021139091105,226.27295454545458
extra_trees,1,2023-08-28,HB 125x125,273.03,75.62534594494834,226.27295454545458
extra_trees,1,2023-09-18,IWF 250x125,473.84,589.0779796754397,226.27295454545458
extra_trees,1,2023-09-19,IWF 248x124,169.62,51.404850815888416,226.27295454545458
extra_trees,1,2023-09-20,IWF 200x100,78.72,140.20794886606004,226.27295454545458
extra_trees,1,2023-10-18,WF 150x75,736.68,411.7417518945517,226.27295454545458
extra_trees,1,2023-10-19,WF 150x75,227.64,60.267173021046155,226.27295454545458
extra_trees,1,2023-10-20,WF 250x125,259.65,303.42730329000534,226.27295454545458
extra_trees,1,2023-10-22,WF 200x100,3.2,132.4091605532262,226.27295454545458
extra_trees,1,2023-11-08,HB 100x100,132.51,55.12608162594513,226.27295454545458
extra_trees,1,2023-11-09,WF 200x100,138.02,175.81897706576976,226.27295454545458
extra_trees,1,2023-11-10,HB 150x150,357.97,352.1141054761912,226.27295454545458
extra_trees,1,2023-11-16,WF 150x75,92.57,289.6963195660917,226.27295454545458
extra_trees,1,2023-11-17,WF 150x75,121.63,194.33583473383572,226.27295454545458
extra_trees,1,2023-11-18,WF 250x125,215.96,265.295753136544,226.27295454545458
extra_trees,1,2023-11-19,WF 250x125,140.24,274.47952485447155,226.27295454545458
extra_trees,1,2023-11-20,WF 200x100,282.15,145.31355321919912,226.27295454545458
extra_trees,1,2023-12-06,WF 200x100,45.39,277.6657283611155,226.27295454545458
extra_trees,1,2023-12-07,WF 200x100,27.84,242.04480041197746,226.27295454545458
extra_trees,1,2023-12-08,WF 250x125,572.11,382.4428266844868,226.27295454545458
extra_trees,1,2023-12-09,WF 250x125,227.24,202.68282599283768,226.27295454545458
extra_trees,1,2023-12-11,WF 150x75,51.07,284.13496035152673,226.27295454545458
extra_trees,1,2023-12-12,WF 150x75,4.7,98.807814090843,226.27295454545458
extra_trees,1,2024-01-12,WF 200x100,100.82,373.41811153562276,226.27295454545458
extra_trees,1,2024-01-13,WF 200x100,30.35,285.95302503196757,226.27295454545458
extra_trees,1,2024-01-14,WF 200x100,42.89,150.10559750178712,226.27295454545458
extra_trees,1,2024-01-21,UNP 100x50,0.31,54.04046387568679,226.27295454545458
extra_trees,1,2024-01-22,WF 250x125,99.88,343.39606648129575,226.27295454545458
extra_trees,1,2024-01-23,WF 250x125,158.69,283.0641566056832,226.27295454545458
extra_trees,1,2024-01-24,WF 250x125,103.36,278.0011405618518,226.27295454545458
extra_trees,1,2024-01-25,WF 150x75,14.45,56.54080408391424,226.27295454545458
extra_trees,1,2024-02-19,UNP 150x75,303.66,181.56689782792586,226.27295454545458
extra_trees,1,2024-02-20,WF 150x75,26.88,96.57284727864267,226.27295454545458
extra_trees,1,2024-02-21,WF 150x75,60.31,387.3960167579944,226.27295454545458
extra_trees,1,2024-02-22,WF 200x100,81.26,244.18702543311576,226.27295454545458
extra_trees,1,2024-02-23,WF 200x100,77.25,375.7010142588994,226.27295454545458
extra_trees,1,2024-03-18,HB 125x125,119.51,57.77112936605859,226.27295454545458
extra_trees,1,2024-03-19,HB 150x150,633.69,424.8708212380963,226.27295454545458
extra_trees,1,2024-03-20,IWF 250x125,99.53,573.7510545347005,226.27295454545458
extra_trees,2,2024-03-21,IWF 150x75,7.67,59.2541004416401,204.0078571428571
extra_trees,2,2024-03-21,IWF 250x125,141.51,501.5316351291162,204.0078571428571
extra_trees,2,2024-03-22,IWF 150x75,40.99,138.5503590528176,204.0078571428571
extra_trees,2,2024-03-23,IWF 150x75,90.38,117.36812044622954,204.0078571428571
extra_trees,2,2024-04-20,IWF 200x100,260.86,87.42876712774611,204.0078571428571
extra_trees,2,2024-04-20,UNP 150x75,182.0,92.2372944031424,204.0078571428571
extra_trees,2,2024-04-21,IWF 198x99,50.53,88.83337829937224,204.0078571428571
extra_trees,2,2024-04-21,IWF 200x100,152.67,89.61276149887973,204.0078571428571
extra_trees,2,2024-04-22,IWF 200x100,222.88,108.94335420572956,204.0078571428571
extra_trees,2,2024-04-22,IWF 250x125,36.47,409.0822392805137,204.0078571428571
extra_trees,2,2024-04-23,IWF 250x125,35.84,413.5977893700715,204.0078571428571
extra_trees,2,2024-05-25,IWF 250x125,315.75,391.79500740579635,204.0078571428571
extra_trees,2,2024-05-25,UNP 100x50,24.18,68.65751064168313,204.0078571428571
extra_trees,2,2024-05-26,IWF 250x125,124.24,401.10963882792333,204.0078571428571
extra_trees,2,2024-05-27,IWF 200x100,5.45,56.867339277466705,204.0078571428571
extra_trees,2,2024-05-27,IWF 248x124,62.55,90.9915262951273,204.0078571428571
extra_trees,2,2024-05-27,IWF 250x125,117.25,426.9090594529659,204.0078571428571
extra_trees,2,2024-05-28,IWF 200x100,270.11,179.10287601088024,204.0078571428571
extra_trees,2,2024-05-29,IWF 198x99,101.95,94.82113523667856,204.0078571428571
extra_trees,2,2024-05-29,IWF 200x100,38.49,103.14836279198109,204.0078571428571
extra_trees,2,2024-05-30,IWF 150x75,78.29,97.29617086721981,204.0078571428571
extra_trees,2,2024-06-20,IWF 150x75,52.13,97.29266513166473,204.0078571428571
extra_trees,2,2024-06-20,IWF 200x100,1.68,51.82357269548085,204.0078571428571
extra_trees,2,2024-06-21,IWF 200x100,227.48,132.81639891692592,204.0078571428571
extra_trees,2,2024-06-22,IWF 200x100,153.93,120.33472275884748,204.0078571428571
extra_trees,2,2024-06-22,IWF 250x125,4.82,405.1713188849095,204.0078571428571
extra_trees,2,2024-06-23,IWF 250x125,92.92,534.9482393333329,204.0078571428571
extra_trees,2,2024-06-24,HB 150x150,25.33,206.97349092156665,204.0078571428571
extra_trees,2,2024-06-24,IWF 250x125,209.13,514.0574639372792,204.0078571428571
extra_trees,2,2024-06-25,HB 150x150,164.21,208.1761680963918,204.0078571428571
extra_trees,2,2024-07-23,IWF 150x75,81.61,96.5441327366737,204.0078571428571
extra_trees,2,2024-07-23,IWF 200x100,2.87,51.746085495152435,204.0078571428571
extra_trees,2,2024-07-24,IWF 200x100,90.29,206.74259760004458,204.0078571428571
extra_trees,2,2024-07-25,IWF 200x100,165.53,204.42999311731324,204.0078571428571
extra_trees,2,2024-07-26,IWF 198x99,57.23,88.92714172732217,204.0078571428571
extra_trees,2,2024-07-26,IWF 200x100,52.85,104.82747397220625,204.0078571428571
extra_trees,2,2024-07-26,IWF 250x125,111.53,372.8536935399955,204.0078571428571
extra_trees,2,2024-07-27,IWF 250x125,461.1,571.003588444443,204.0078571428571
extra_trees,2,2024-07-28,IWF 250x125,418.3,606.4158424133874,204.0078571428571
extra_trees,2,2024-07-29,IWF 248x124,3.31,89.3636625086072,204.0078571428571
extra_trees,2,2024-08-26,IWF 200x100,32.6,133.5984488645987,204.0078571428571
extra_trees,2,2024-08-27,IWF 150x75,12.44,76.26668478873552,204.0078571428571
extra_trees,2,2024-08-27,IWF 200x100,74.06,108.16361208241307,204.0078571428571
extra_trees,2,2024-08-28,IWF 150x75,66.02,148.3985735571133,204.0078571428571
extra_trees,2,2024-08-29,IWF 250x125,340.69,524.1877945735594,204.0078571428571
extra_trees,2,2024-08-30,IWF 250x125,223.07,490.3095840887942,204.0078571428571
extra_trees,2,2024-09-09,IWF 150x75,59.64,87.97578971153881,204.0078571428571
extra_trees,2,2024-09-10,IWF 150x75,167.83,89.68623196363542,204.0078571428571
extra_trees,2,2024-09-11,IWF 250x125,803.18,610.875570129116,204.0078571428571
extra_trees,2,2024-09-12,HB 150x150,239.59,211.6094448355221,204.0078571428571
extra_trees,2,2024-09-13,IWF 200x100,362.16,88.60520698349451,204.0078571428571
extra_trees,2,2024-09-14,IWF 200x100,253.56,94.00701949910541,204.0078571428571
extra_trees,2,2024-10-24,HB 150x150,112.33,519.9006718578063,204.0078571428571
extra_trees,2,2024-10-24,IWF 248x124,2.66,51.94702789216403,204.0078571428571
extra_trees,2,2024-10-25,IWF 248x124,19.37,108.94053269332045,204.0078571428571
extra_trees,2,2024-10-25,IWF 250x125,75.09,461.49780540579616,204.0078571428571
extra_trees,2,2024-10-26,IWF 198x99,2.99,110.28431448964767,204.0078571428571
extra_trees,2,2024-10-26,IWF 250x125,12.16,427.3684929378143,204.0078571428571
extra_trees,3,2024-10-27,IWF 200x100,14.8,168.09810987037864,174.17190140845074
extra_trees,3,2024-10-28,IWF 150x75,2.57,108.70364198829782,174.17190140845074
extra_trees,3,2024-10-28,IWF 200x100,3.96,108.76989026261003,174.17190140845074
extra_trees,3,2024-10-29,HB 125x125,8.5,82.54233889188667,174.17190140845074
extra_trees,3,2024-10-29,IWF 150x75,20.03,96.72571554161087,174.17190140845074
extra_trees,3,2024-10-30,HB 125x125,13.03,54.53098422525043,174.17190140845074
extra_trees,3,2024-11-25,HB 175x175,22.11,34.167100313129666,174.17190140845074
extra_trees,3,2024-11-25,IWF 150x75,78.3,111.2652192532242,174.17190140845074
extra_trees,3,2024-11-26,IWF 150x75,1.01,114.0450847392105,174.17190140845074
extra_trees,3,2024-11-28,IWF 250x125,57.07,410.7348573970975,174.17190140845074
extra_trees,3,2024-11-29,IWF 250x125,18.44,431.8927299485439,174.17190140845074
extra_trees,3,2024-11-30,IWF 248x124,35.93,101.88719584028357,174.17190140845074
extra_trees,3,2024-11-30,IWF 250x125,61.15,97.87875619708446,174.17190140845074
extra_trees,3,2025-01-22,IWF 194x150,35.16,99.33378627095574,174.17190140845074
extra_trees,3,2025-01-23,HB 175x175,123.62,71.79356274554392,174.17190140845074
extra_trees,3,2025-01-24,HB 100x100,150.88,107.53890905474775,174.17190140845074
extra_trees,3,2025-02-10,IWF 250x125,70.81,108.08931200013075,174.17190140845074
extra_trees,3,2025-02-10,L 150x150x12,13.04,13.84603649417638,174.17190140845074
extra_trees,3,2025-02-10,L 150x150x15,18.91,19.84196116518776,174.17190140845074
extra_trees,3,2025-02-11,IWF 250x125,9.74,424.74009187195514,174.17190140845074
extra_trees,3,2025-02-12,HB 150x150,0.71,56.96549411962947,174.17190140845074
extra_trees,3,2025-02-12,IWF 250x125,16.82,157.25426196177185,174.17190140845074
extra_trees,3,2025-02-13,HB 150x150,11.57,194.38909050042793,174.17190140845074
extra_trees,3,2025-02-13,IWF 200x100,4.41,101.98031210804272,174.17190140845074
extra_trees,3,2025-02-14,IWF 200x100,17.56,182.77940560817305,174.17190140845074
extra_trees,3,2025-02-15,IWF 150x75,23.4,112.83546009071063,174.17190140845074
extra_trees,3,2025-02-15,IWF 198x99,13.76,56.29483881442883,174.17190140845074
extra_trees,3,2025-02-15,IWF 200x100,7.52,28.39912551405127,174.17190140845074
extra_trees,3,2025-03-17,HB 175x175,53.22,45.26876269218419,174.17190140845074
extra_trees,3,2025-03-17,IWF 250x125,236.89,142.9127487392471,174.17190140845074
extra_trees,3,2025-03-18,IWF 200x100,95.3,154.99904274799255,174.17190140845074
extra_trees,3,2025-03-19,IWF 150x75,169.76,107.13889795537717,174.17190140845074
extra_trees,3,2025-03-19,IWF 200x100,20.39,21.799420444245502,174.17190140845074
extra_trees,3,2025-03-20,IWF 150x75,193.49,102.67523787398574,174.17190140845074
extra_trees,3,2025-03-20,L 150x150x15,73.6,67.38585207498363,174.17190140845074
extra_trees,3,2025-03-21,L 150x150x12,6.08,13.39675064506764,174.17190140845074
extra_trees,3,2025-03-21,L 150x150x15,71.71,46.304704663414995,174.17190140845074
extra_trees,3,2025-04-21,L 130x130x10,75.08,38.266312880085565,174.17190140845074
extra_trees,3,2025-04-21,L 130x130x12,1.22,9.570415920989007,174.17190140845074
extra_trees,3,2025-04-22,IWF 300x150,140.49,115.64427550524952,174.17190140845074
extra_trees,3,2025-04-23,L 150x150x12,136.56,117.94026135973046,174.17190140845074
extra_trees,3,2025-04-23,L 150x150x15,47.2,40.09248429811041,174.17190140845074
extra_trees,3,2025-04-24,IWF 200x100,26.33,146.44808369098934,174.17190140845074
extra_trees,3,2025-04-25,IWF 150x75,114.41,182.98019271651287,174.17190140845074
extra_trees,3,2025-04-26,IWF 150x75,4.7,95.9985752025731,174.17190140845074
extra_trees,3,2025-05-19,IWF 300x150,277.27,139.83976447776487,174.17190140845074
extra_trees,3,2025-05-19,UNP 200x80,16.86,14.937093984089412,174.17190140845074
extra_trees,3,2025-05-20,IWF 200x100,97.62,119.39240346297001,174.17190140845074
extra_trees,3,2025-05-20,IWF 300x150,50.43,60.85399667412566,174.17190140845074
extra_trees,3,2025-05-21,IWF 200x100,169.3,110.01339852712583,174.17190140845074
extra_trees,3,2025-05-21,IWF 248x124,62.67,55.80371105749146,174.17190140845074
extra_trees,3,2025-05-21,IWF 250x125,48.92,46.90601220016872,174.17190140845074
extra_trees,3,2025-05-22,IWF 250x125,290.93,409.10297134433944,174.17190140845074
extra_trees,3,2025-05-23,IWF 250x125,129.46,326.6785974986828,174.17190140845074
extra_trees,3,2025-05-24,IWF 250x125,77.42,26.005471481482026,174.17190140845074
extra_trees,3,2025-05-24,UNP 100x50,167.62,107.23258560443314,174.17190140845074
extra_trees,3,2025-06-24,IWF 300x150,323.93,118.01255470543903,174.17190140845074
extra_trees,3,2025-06-24,UNP 150x75,133.43,77.49070730089554,174.17190140845074
extra_trees,3,2025-06-25,IWF 300x150,133.44,281.9277846628054,174.17190140845074
extra_trees,3,2025-06-26,IWF 198x99,89.49,118.03276820838757,174.17190140845074
extra_trees,3,2025-06-26,IWF 200x100,7.1,10.417959397580898,174.17190140845074
extra_trees,3,2025-06-26,IWF 300x150,45.31,56.073580062679156,174.17190140845074
extra_trees,3,2025-06-27,IWF 200x100,238.01,190.06357299455937,174.17190140845074
extra_trees,3,2025-06-28,IWF 200x100,278.89,182.56826548010662,174.17190140845074
extra_trees,4,2025-06-30,IWF 150x75,16.13,158.38595609742552,144.1347087378641
extra_trees,4,2025-07-01,IWF 150x75,173.57,91.33308634188958,144.1347087378641
extra_trees,4,2025-07-01,IWF 250x125,40.76,57.09920157048663,144.1347087378641
extra_trees,4,2025-07-02,IWF 250x125,109.27,229.39372573304905,144.1347087378641
extra_trees,4,2025-07-03,HB 100x100,84.16,103.17409706327398,144.1347087378641
extra_trees,4,2025-07-14,IWF 248x124,15.96,45.19559029321654,144.1347087378641
extra_trees,4,2025-07-14,IWF 250x125,93.03,271.70035553263267,144.1347087378641
extra_trees,4,2025-07-15,IWF 250x125,96.91,123.81425148166767,144.1347087378641
extra_trees,4,2025-07-15,IWF 300x150,54.37,139.93866578408742,144.1347087378641
extra_trees,4,2025-07-16,IWF 300x150,168.23,225.9326098555174,144.1347087378641
extra_trees,4,2025-07-17,IWF 200x100,381.6,117.2587323979869,144.1347087378641
extra_trees,4,2025-07-17,IWF 300x150,122.81,51.1754180405231,144.1347087378641
extra_trees,4,2025-07-18,IWF 150x75,278.88,103.71474856389032,144.1347087378641
extra_trees,4,2025-07-18,IWF 200x100,41.57,22.633977168923792,144.1347087378641
extra_trees,4,2025-08-04,IWF 150x75,122.47,127.75384637103247,144.1347087378641
extra_trees,4,2025-08-05,IWF 198x99,99.4,43.633969425020275,144.1347087378641
extra_trees,4,2025-08-05,IWF 200x100,337.93,119.60060369709183,144.1347087378641
extra_trees,4,2025-08-06,IWF 200x100,713.53,121.22897057838686,144.1347087378641
extra_trees,4,2025-08-07,IWF 298x149,125.48,100.78706358381056,144.1347087378641
extra_trees,4,2025-08-07,IWF 300x150,91.11,129.80656583537274,144.1347087378641
extra_trees,4,2025-08-08,IWF 300x150,271.73,222.15695032368606,144.1347087378641
extra_trees,4,2025-08-09,IWF 300x150,183.65,232.62435285235958,144.1347087378641
extra_trees,4,2025-08-11,L 150x150x12,93.69,133.7960911913894,144.1347087378641
extra_trees,4,2025-08-12,IWF 248x124,310.25,91.57991064356467,144.1347087378641
extra_trees,4,2025-08-12,IWF 250x125,658.04,113.74752940853605,144.1347087378641
extra_trees,4,2025-08-13,HB 150x150,254.75,141.7800440387409,144.1347087378641
extra_trees,4,2025-08-13,IWF 250x125,450.19,93.0717344562817,144.1347087378641
extra_trees,4,2025-08-14,HB 125x125,109.99,54.413017214307295,144.1347087378641
extra_trees,4,2025-08-14,HB 150x150,422.47,134.82450285629665,144.1347087378641
extra_trees,4,2025-08-15,HB 125x125,45.03,106.02405404155283,144.1347087378641
extra_trees,4,2025-09-15,IWF 248x124,155.28,52.118865600378356,144.1347087378641
extra_trees,4,2025-09-15,IWF 250x125,263.35,66.25037272498083,144.1347087378641
extra_trees,4,2025-09-15,UB 248x124,13.86,6.929928635254762,144.1347087378641
extra_trees,4,2025-09-15,UNP 250x90,71.41,38.66699555376704,144.1347087378641
extra_trees,4,2025-09-16,IWF 250x125,475.02,285.8340341565193,144.1347087378641
extra_trees,4,2025-09-17,IWF 198x99,30.79,49.54346323293516,144.1347087378641
extra_trees,4,2025-09-17,IWF 250x125,145.31,138.62769890736226,144.1347087378641
extra_trees,4,2025-09-18,IWF 200x100,83.77,159.2366251168626,144.1347087378641
extra_trees,4,2025-09-19,IWF 150x75,2.21,17.00172333384506,144.1347087378641
extra_trees,4,2025-09-19,IWF 200x100,52.84,142.20027725055206,144.1347087378641
extra_trees,4,2025-09-20,IWF 150x75,11.56,87.20376376051559,144.1347087378641
extra_trees,4,2025-09-20,UB 150x75,0.37,7.440246912849527,144.1347087378641
extra_trees,4,2025-09-21,IWF 300x150,65.49,138.96919257041694,144.1347087378641
extra_trees,4,2025-09-21,L 150x150x15,68.67,102.24317532479269,144.1347087378641
extra_trees,4,2025-09-22,IWF 300x150,140.93,177.57880280155032,144.1347087378641
extra_trees,4,2025-09-23,HB 175x175,93.12,67.75088891889406,144.1347087378641
extra_trees,4,2025-09-23,L 130x130x12,122.63,82.93365646612007,144.1347087378641
extra_trees,4,2025-10-20,UNP 150x75,370.29,130.6176697786857,144.1347087378641
extra_trees,4,2025-10-21,IWF 250x125,121.1,166.0885615102103,144.1347087378641
extra_trees,4,2025-10-22,IWF 250x125,98.83,96.09484757988018,144.1347087378641
extra_trees,4,2025-10-23,IWF 250x125,211.9,362.2592671087155,144.1347087378641
extra_trees,4,2025-10-24,IWF 198x99,21.59,59.66337205333813,144.1347087378641
extra_trees,4,2025-10-24,IWF 200x100,76.7,139.2038449067109,144.1347087378641
extra_trees,4,2025-10-25,HB 150x150,83.95,82.73096987017102,144.1347087378641
extra_trees,4,2025-10-25,IWF 200x100,293.63,121.00603741082853,144.1347087378641
extra_trees,4,2025-10-26,HB 150x150,116.76,125.11936551243367,144.1347087378641
extra_trees,4,2025-10-26,L 130x130x10,80.02,101.65918288575759,144.1347087378641
extra_trees,4,2025-10-27,IWF 300x150,0.57,6.656475254857384,144.1347087378641
extra_trees,4,2025-10-27,L 130x130x12,78.53,118.46474931847581,144.1347087378641
extra_trees,4,2025-10-28,IWF 300x150,419.7,223.404023336631,144.1347087378641
extra_trees,4,2025-10-29,L 150x150x12,77.9,122.42122225266654,144.1347087378641
extra_trees,4,2025-10-29,L 150x150x15,14.31,38.591168493116655,144.1347087378641
extra_trees,4,2025-10-30,IWF 150x75,41.43,120.9215079644639,144.1347087378641
extra_trees,4,2025-10-30,L 150x150x15,10.89,39.02270603663836,144.1347087378641
gradient_boosting,1,2023-08-24,IWF 250x125,391.08,261.94883142553255,226.27295454545458
gradient_boosting,1,2023-08-25,IWF 250x125,204.95,211.86630115379018,226.27295454545458
gradient_boosting,1,2023-08-28,HB 125x125,273.03,186.81365152244732,226.27295454545458
gradient_boosting,1,2023-09-18,IWF 250x125,473.84,269.2126843857776,226.27295454545458
gradient_boosting,1,2023-09-19,IWF 248x124,169.62,70.86355931745692,226.27295454545458
gradient_boosting,1,2023-09-20,IWF 200x100,78.72,68.47711429237246,226.27295454545458
gradient_boosting,1,2023-10-18,WF 150x75,736.68,699.9915398508207,226.27295454545458
gradient_boosting,1,2023-10-19,WF 150x75,227.64,59.08402446936953,226.27295454545458
gradient_boosting,1,2023-10-20,WF 250x125,259.65,296.0310265104461,226.27295454545458
gradient_boosting,1,2023-10-22,WF 200x100,3.2,150.67851304760515,226.27295454545458
gradient_boosting,1,2023-11-08,HB 100x100,132.51,77.30418178315136,226.27295454545458
gradient_boosting,1,2023-11-09,WF 200x100,138.02,155.7070438627034,226.27295454545458
gradient_boosting,1,2023-11-10,HB 150x150,357.97,325.34736979923554,226.27295454545458
gradient_boosting,1,2023-11-16,WF 150x75,92.57,354.82195788020607,226.27295454545458
gradient_boosting,1,2023-11-17,WF 150x75,121.63,191.66742527861922,226.27295454545458
gradient_boosting,1,2023-11-18,WF 250x125,215.96,382.6028954180939,226.27295454545458
gradient_boosting,1,2023-11-19,WF 250x125,140.24,343.6081278573806,226.27295454545458
gradient_boosting,1,2023-11-20,WF 200x100,282.15,82.44037200192459,226.27295454545458
gradient_boosting,1,2023-12-06,WF 200x100,45.39,142.5455885776664,226.27295454545458
gradient_boosting,1,2023-12-07,WF 200x100,27.84,302.16172883483307,226.27295454545458
gradient_boosting,1,2023-12-08,WF 250x125,572.11,366.65853393114605,226.27295454545458
gradient_boosting,1,2023-12-09,WF 250x125,227.24,187.64298002387065,226.27295454545458
gradient_boosting,1,2023-12-11,WF 150x75,51.07,103.03362879875247,226.27295454545458
gradient_boosting,1,2023-12-12,WF 150x75,4.7,48.66814384781683,226.27295454545458
gradient_boosting,1,2024-01-12,WF 200x100,100.82,766.1717388071197,226.27295454545458
gradient_boosting,1,2024-01-13,WF 200x100,30.35,251.95179987696605,226.27295454545458
gradient_boosting,1,2024-01-14,WF 200x100,42.89,95.43586022870863,226.27295454545458
gradient_boosting,1,2024-01-21,UNP 100x50,0.31,63.059216152195845,226.27295454545458
gradient_boosting,1,2024-01-22,WF 250x125,99.88,228.35387505440684,226.27295454545458
gradient_boosting,1,2024-01-23,WF 250x125,158.69,102.57429858354763,226.27295454545458
gradient_boosting,1,2024-01-24,WF 250x125,103.36,374.61486117915854,226.27295454545458
gradient_boosting,1,2024-01-25,WF 150x75,14.45,158.28214569336245,226.27295454545458
gradient_boosting,1,2024-02-19,UNP 150x75,303.66,64.94905528210876,226.27295454545458
gradient_boosting,1,2024-02-20,WF 150x75,26.88,69.85484418848048,226.27295454545458
gradient_boosting,1,2024-02-21,WF 150x75,60.31,308.7506679271921,226.27295454545458
gradient_boosting,1,2024-02-22,WF 200x100,81.26,208.71225657150325,226.27295454545458
gradient_boosting,1,2024-02-23,WF 200x100,77.25,776.7547601626119,226.27295454545458
gradient_boosting,1,2024-03-18,HB 125x125,119.51,123.29249642089259,226.27295454545458
gradient_boosting,1,2024-03-19,HB 150x150,633.69,481.23678365798247,226.27295454545458
gradient_boosting,1,2024-03-20,IWF 250x125,99.53,209.0584422977845,226.27295454545458
gradient_boosting,2,2024-03-21,IWF 150x75,7.67,93.04240828823211,204.0078571428571
gradient_boosting,2,2024-03-21,IWF 250x125,141.51,465.16188029680904,204.0078571428571
gradient_boosting,2,2024-03-22,IWF 150x75,40.99,49.62851381700984,204.0078571428571
gradient_boosting,2,2024-03-23,IWF 150x75,90.38,39.10066216160456,204.0078571428571
gradient_boosting,2,2024-04-20,IWF 200x100,260.86,84.21603921992872,204.0078571428571
gradient_boosting,2,2024-04-20,UNP 150x75,182.0,140.2467317526235,204.0078571428571
gradient_boosting,2,2024-04-21,IWF 198x99,50.53,149.13426048740016,204.0078571428571
gradient_boosting,2,2024-04-21,IWF 200x100,152.67,124.0238021710751,204.0078571428571
gradient_boosting,2,2024-04-22,IWF 200x100,222.88,99.28411989832149,204.0078571428571
gradient_boosting,2,2024-04-22,IWF 250x125,36.47,224.02929022480475,204.0078571428571
gradient_boosting,2,2024-04-23,IWF 250x125,35.84,245.04994695367805,204.0078571428571
gradient_boosting,2,2024-05-25,IWF 250x125,315.75,261.48572464975484,204.0078571428571
gradient_boosting,2,2024-05-25,UNP 100x50,24.18,101.37573347457769,204.0078571428571
gradient_boosting,2,2024-05-26,IWF 250x125,124.24,254.70366410856826,204.0078571428571
gradient_boosting,2,2024-05-27,IWF 200x100,5.45,73.99599348620171,204.0078571428571
gradient_boosting,2,2024-05-27,IWF 248x124,62.55,151.21167997480322,204.0078571428571
gradient_boosting,2,2024-05-27,IWF 250x125,117.25,240.77209691544044,204.0078571428571
gradient_boosting,2,2024-05-28,IWF 200x100,270.11,225.4692068405339,204.0078571428571
gradient_boosting,2,2024-05-29,IWF 198x99,101.95,99.21648216101975,204.0078571428571
gradient_boosting,2,2024-05-29,IWF 200x100,38.49,119.40985372042722,204.0078571428571
gradient_boosting,2,2024-05-30,IWF 150x75,78.29,123.96396462892754,204.0078571428571
gradient_boosting,2,2024-06-20,IWF 150x75,52.13,129.04326922785188,204.0078571428571
gradient_boosting,2,2024-06-20,IWF 200x100,1.68,76.15578238102805,204.0078571428571
gradient_boosting,2,2024-06-21,IWF 200x100,227.48,114.43254639165471,204.0078571428571
gradient_boosting,2,2024-06-22,IWF 200x100,153.93,93.07051439932691,204.0078571428571
gradient_boosting,2,2024-06-22,IWF 250x125,4.82,211.62164411196827,204.0078571428571
gradient_boosting,2,2024-06-23,IWF 250x125,92.92,281.97060862019003,204.0078571428571
gradient_boosting,2,2024-06-24,HB 150x150,25.33,207.27472259368636,204.0078571428571
gradient_boosting,2,2024-06-24,IWF 250x125,209.13,246.63376247531994,204.0078571428571
gradient_boosting,2,2024-06-25,HB 150x150,164.21,207.27472259368636,204.0078571428571
gradient_boosting,2,2024-07-23,IWF 150x75,81.61,114.61530512829462,204.0078571428571
gradient_boosting,2,2024-07-23,IWF 200x100,2.87,67.34213177953907,204.0078571428571
gradient_boosting,2,2024-07-24,IWF 200x100,90.29,311.33813234384843,204.0078571428571
gradient_boosting,2,2024-07-25,IWF 200x100,165.53,151.5631166721306,204.0078571428571
gradient_boosting,2,2024-07-26,IWF 198x99,57.23,142.39802937331424,204.0078571428571
gradient_boosting,2,2024-07-26,IWF 200x100,52.85,134.8484531247204,204.0078571428571
gradient_boosting,2,2024-07-26,IWF 250x125,111.53,243.2730007430139,204.0078571428571
gradient_boosting,2,2024-07-27,IWF 250x125,461.1,231.19246279731604,204.0078571428571
gradient_boosting,2,2024-07-28,IWF 250x125,418.3,264.11901263709666,204.0078571428571
gradient_boosting,2,2024-07-29,IWF 248x124,3.31,151.21167997480322,204.0078571428571
gradient_boosting,2,2024-08-26,IWF 200x100,32.6,118.14701215663253,204.0078571428571
gradient_boosting,2,2024-08-27,IWF 150x75,12.44,131.0796146112248,204.0078571428571
gradient_boosting,2,2024-08-27,IWF 200x100,74.06,127.1339258308109,204.0078571428571
gradient_boosting,2,2024-08-28,IWF 150x75,66.02,56.97366256092494,204.0078571428571
gradient_boosting,2,2024-08-29,IWF 250x125,340.69,522.8566663745898,204.0078571428571
gradient_boosting,2,2024-08-30,IWF 250x125,223.07,264.18335621993555,204.0078571428571
gradient_boosting,2,2024-09-09,IWF 150x75,59.64,90.71513793288646,204.0078571428571
gradient_boosting,2,2024-09-10,IWF 150x75,167.83,86.81988883775587,204.0078571428571
gradient_boosting,2,2024-09-11,IWF 250x125,803.18,475.37464769337805,204.0078571428571
gradient_boosting,2,2024-09-12,HB 150x150,239.59,223.30155087904538,204.0078571428571
gradient_boosting,2,2024-09-13,IWF 200x100,362.16,113.37831418236289,204.0078571428571
gradient_boosting,2,2024-09-14,IWF 200x100,253.56,124.0238021710751,204.0078571428571
gradient_boosting,2,2024-10-24,HB 150x150,112.33,492.91063639614066,204.0078571428571
gradient_boosting,2,2024-10-24,IWF 248x124,2.66,83.7053586296219,204.0078571428571
gradient_boosting,2,2024-10-25,IWF 248x124,19.37,163.12637043427875,204.0078571428571
gradient_boosting,2,2024-10-25,IWF 250x125,75.09,264.18335621993555,204.0078571428571
gradient_boosting,2,2024-10-26,IWF 198x99,2.99,158.84915632459013,204.0078571428571
gradient_boosting,2,2024-10-26,IWF 250x125,12.16,260.55724876558537,204.0078571428571
gradient_boosting,3,2024-10-27,IWF 200x100,14.8,177.08670364731094,174.17190140845074
gradient_boosting,3,2024-10-28,IWF 150x75,2.57,115.85753383468088,174.17190140845074
gradient_boosting,3,2024-10-28,IWF 200x100,3.96,114.01101568412294,174.17190140845074
gradient_boosting,3,2024-10-29,HB 125x125,8.5,115.87168415570254,174.17190140845074
gradient_boosting,3,2024-10-29,IWF 150x75,20.03,117.77860068287839,174.17190140845074
gradient_boosting,3,2024-10-30,HB 125x125,13.03,33.980560060742896,174.17190140845074
gradient_boosting,3,2024-11-25,HB 175x175,22.11,24.29135053538854,174.17190140845074
gradient_boosting,3,2024-11-25,IWF 150x75,78.3,126.99841303519315,174.17190140845074
gradient_boosting,3,2024-11-26,IWF 150x75,1.01,129.29160271333944,174.17190140845074
gradient_boosting,3,2024-11-28,IWF 250x125,57.07,392.1777536150923,174.17190140845074
gradient_boosting,3,2024-11-29,IWF 250x125,18.44,269.6740874422026,174.17190140845074
gradient_boosting,3,2024-11-30,IWF 248x124,35.93,75.82675955381877,174.17190140845074
gradient_boosting,3,2024-11-30,IWF 250x125,61.15,81.397548430838,174.17190140845074
gradient_boosting,3,2025-01-22,IWF 194x150,35.16,81.71314564304498,174.17190140845074
gradient_boosting,3,2025-01-23,HB 175x175,123.62,70.3851216681443,174.17190140845074
gradient_boosting,3,2025-01-24,HB 100x100,150.88,132.07068590972494,174.17190140845074
gradient_boosting,3,2025-02-10,IWF 250x125,70.81,88.699137234726,174.17190140845074
gradient_boosting,3,2025-02-10,L 150x150x12,13.04,35.497230887562914,174.17190140845074
gradient_boosting,3,2025-02-10,L 150x150x15,18.91,35.497230887562914,174.17190140845074
gradient_boosting,3,2025-02-11,IWF 250x125,9.74,271.27637422744965,174.17190140845074
gradient_boosting,3,2025-02-12,HB 150x150,0.71,85.63917665157312,174.17190140845074
gradient_boosting,3,2025-02-12,IWF 250x125,16.82,131.89976077477363,174.17190140845074
gradient_boosting,3,2025-02-13,HB 150x150,11.57,184.977670330248,174.17190140845074
gradient_boosting,3,2025-02-13,IWF 200x100,4.41,115.85753383468088,174.17190140845074
gradient_boosting,3,2025-02-14,IWF 200x100,17.56,292.4309052334897,174.17190140845074
gradient_boosting,3,2025-02-15,IWF 150x75,23.4,102.92358113989556,174.17190140845074
gradient_boosting,3,2025-02-15,IWF 198x99,13.76,44.14414090883377,174.17190140845074
gradient_boosting,3,2025-02-15,IWF 200x100,7.52,35.497230887562914,174.17190140845074
gradient_boosting,3,2025-03-17,HB 175x175,53.22,39.98894464310121,174.17190140845074
gradient_boosting,3,2025-03-17,IWF 250x125,236.89,118.90289044597836,174.17190140845074
gradient_boosting,3,2025-03-18,IWF 200x100,95.3,239.25584070590665,174.17190140845074
gradient_boosting,3,2025-03-19,IWF 150x75,169.76,67.93202011764477,174.17190140845074
gradient_boosting,3,2025-03-19,IWF 200x100,20.39,41.259666809249524,174.17190140845074
gradient_boosting,3,2025-03-20,IWF 150x75,193.49,111.0002125809186,174.17190140845074
gradient_boosting,3,2025-03-20,L 150x150x15,73.6,33.2838438589142,174.17190140845074
gradient_boosting,3,2025-03-21,L 150x150x12,6.08,31.634516591126545,174.17190140845074
gradient_boosting,3,2025-03-21,L 150x150x15,71.71,38.85024809258703,174.17190140845074
gradient_boosting,3,2025-04-21,L 130x130x10,75.08,31.634516591126545,174.17190140845074
gradient_boosting,3,2025-04-21,L 130x130x12,1.22,28.15406483182492,174.17190140845074
gradient_boosting,3,2025-04-22,IWF 300x150,140.49,89.83303297204,174.17190140845074
gradient_boosting,3,2025-04-23,L 150x150x12,136.56,149.60986466152346,174.17190140845074
gradient_boosting,3,2025-04-23,L 150x150x15,47.2,29.302562047725523,174.17190140845074
gradient_boosting,3,2025-04-24,IWF 200x100,26.33,119.60228376598057,174.17190140845074
gradient_boosting,3,2025-04-25,IWF 150x75,114.41,267.31834309724366,174.17190140845074
gradient_boosting,3,2025-04-26,IWF 150x75,4.7,96.9143929591456,174.17190140845074
gradient_boosting,3,2025-05-19,IWF 300x150,277.27,206.49104887729234,174.17190140845074
gradient_boosting,3,2025-05-19,UNP 200x80,16.86,35.497230887562914,174.17190140845074
gradient_boosting,3,2025-05-20,IWF 200x100,97.62,121.0586112268335,174.17190140845074
gradient_boosting,3,2025-05-20,IWF 300x150,50.43,45.61853622944289,174.17190140845074
gradient_boosting,3,2025-05-21,IWF 200x100,169.3,102.92358113989556,174.17190140845074
gradient_boosting,3,2025-05-21,IWF 248x124,62.67,32.93826055665938,174.17190140845074
gradient_boosting,3,2025-05-21,IWF 250x125,48.92,45.7142990572571,174.17190140845074
gradient_boosting,3,2025-05-22,IWF 250x125,290.93,311.23855006453584,174.17190140845074
gradient_boosting,3,2025-05-23,IWF 250x125,129.46,200.35471091742673,174.17190140845074
gradient_boosting,3,2025-05-24,IWF 250x125,77.42,35.59299371537711,174.17190140845074
gradient_boosting,3,2025-05-24,UNP 100x50,167.62,80.72778961550219,174.17190140845074
gradient_boosting,3,2025-06-24,IWF 300x150,323.93,114.01101568412294,174.17190140845074
gradient_boosting,3,2025-06-24,UNP 150x75,133.43,45.10210989615337,174.17190140845074
gradient_boosting,3,2025-06-25,IWF 300x150,133.44,324.52066653271527,174.17190140845074
gradient_boosting,3,2025-06-26,IWF 198x99,89.49,95.18709186231534,174.17190140845074
gradient_boosting,3,2025-06-26,IWF 200x100,7.1,34.022835566953795,174.17190140845074
gradient_boosting,3,2025-06-26,IWF 300x150,45.31,45.61853622944289,174.17190140845074
gradient_boosting,3,2025-06-27,IWF 200x100,238.01,424.2626826419494,174.17190140845074
gradient_boosting,3,2025-06-28,IWF 200x100,278.89,308.0451676461599,174.17190140845074
gradient_boosting,4,2025-06-30,IWF 150x75,16.13,164.84021181054337,144.1347087378641
gradient_boosting,4,2025-07-01,IWF 150x75,173.57,67.926876926927,144.1347087378641
gradient_boosting,4,2025-07-01,IWF 250x125,40.76,87.5848969710128,144.1347087378641
gradient_boosting,4,2025-07-02,IWF 250x125,109.27,177.83790341590296,144.1347087378641
gradient_boosting,4,2025-07-03,HB 100x100,84.16,77.53291989342613,144.1347087378641
gradient_boosting,4,2025-07-14,IWF 248x124,15.96,43.548557358388614,144.1347087378641
gradient_boosting,4,2025-07-14,IWF 250x125,93.03,131.69905721459793,144.1347087378641
gradient_boosting,4,2025-07-15,IWF 250x125,96.91,115.59339044519439,144.1347087378641
gradient_boosting,4,2025-07-15,IWF 300x150,54.37,138.4703299080691,144.1347087378641
gradient_boosting,4,2025-07-16,IWF 300x150,168.23,327.5974048312082,144.1347087378641
gradient_boosting,4,2025-07-17,IWF 200x100,381.6,131.8818463916352,144.1347087378641
gradient_boosting,4,2025-07-17,IWF 300x150,122.81,43.548557358388614,144.1347087378641
gradient_boosting,4,2025-07-18,IWF 150x75,278.88,120.51131423189716,144.1347087378641
gradient_boosting,4,2025-07-18,IWF 200x100,41.57,24.551989018469694,144.1347087378641
gradient_boosting,4,2025-08-04,IWF 150x75,122.47,105.09000555820448,144.1347087378641
gradient_boosting,4,2025-08-05,IWF 198x99,99.4,42.823462096484306,144.1347087378641
gradient_boosting,4,2025-08-05,IWF 200x100,337.93,120.24018332794371,144.1347087378641
gradient_boosting,4,2025-08-06,IWF 200x100,713.53,138.52727546927392,144.1347087378641
gradient_boosting,4,2025-08-07,IWF 298x149,125.48,76.64261906843788,144.1347087378641
gradient_boosting,4,2025-08-07,IWF 300x150,91.11,117.47275674926266,144.1347087378641
gradient_boosting,4,2025-08-08,IWF 300x150,271.73,342.17043161314365,144.1347087378641
gradient_boosting,4,2025-08-09,IWF 300x150,183.65,306.30990984070473,144.1347087378641
gradient_boosting,4,2025-08-11,L 150x150x12,93.69,132.91910722517287,144.1347087378641
gradient_boosting,4,2025-08-12,IWF 248x124,310.25,75.45643374602454,144.1347087378641
gradient_boosting,4,2025-08-12,IWF 250x125,658.04,88.28262816599481,144.1347087378641
gradient_boosting,4,2025-08-13,HB 150x150,254.75,118.20602115947283,144.1347087378641
gradient_boosting,4,2025-08-13,IWF 250x125,450.19,56.90766961418842,144.1347087378641
gradient_boosting,4,2025-08-14,HB 125x125,109.99,42.823462096484306,144.1347087378641
gradient_boosting,4,2025-08-14,HB 150x150,422.47,118.74430187650155,144.1347087378641
gradient_boosting,4,2025-08-15,HB 125x125,45.03,81.33020575862571,144.1347087378641
gradient_boosting,4,2025-09-15,IWF 248x124,155.28,59.14262809448212,144.1347087378641
gradient_boosting,4,2025-09-15,IWF 250x125,263.35,64.66126709574685,144.1347087378641
gradient_boosting,4,2025-09-15,UB 248x124,13.86,20.09117032052267,144.1347087378641
gradient_boosting,4,2025-09-15,UNP 250x90,71.41,36.88490277684644,144.1347087378641
gradient_boosting,4,2025-09-16,IWF 250x125,475.02,184.59408264810656,144.1347087378641
gradient_boosting,4,2025-09-17,IWF 198x99,30.79,42.823462096484306,144.1347087378641
gradient_boosting,4,2025-09-17,IWF 250x125,145.31,132.74989887927316,144.1347087378641
gradient_boosting,4,2025-09-18,IWF 200x100,83.77,128.78766391605203,144.1347087378641
gradient_boosting,4,2025-09-19,IWF 150x75,2.21,32.49367415215097,144.1347087378641
gradient_boosting,4,2025-09-19,IWF 200x100,52.84,89.2996151843282,144.1347087378641
gradient_boosting,4,2025-09-20,IWF 150x75,11.56,76.53620949552555,144.1347087378641
gradient_boosting,4,2025-09-20,UB 150x75,0.37,20.72190012203594,144.1347087378641
gradient_boosting,4,2025-09-21,IWF 300x150,65.49,73.1799120808706,144.1347087378641
gradient_boosting,4,2025-09-21,L 150x150x15,68.67,84.66436410592677,144.1347087378641
gradient_boosting,4,2025-09-22,IWF 300x150,140.93,199.2317664167557,144.1347087378641
gradient_boosting,4,2025-09-23,HB 175x175,93.12,69.14744147198597,144.1347087378641
gradient_boosting,4,2025-09-23,L 130x130x12,122.63,72.81318074261448,144.1347087378641
gradient_boosting,4,2025-10-20,UNP 150x75,370.29,148.454028244122,144.1347087378641
gradient_boosting,4,2025-10-21,IWF 250x125,121.1,147.1131476510948,144.1347087378641
gradient_boosting,4,2025-10-22,IWF 250x125,98.83,112.30341504877528,144.1347087378641
gradient_boosting,4,2025-10-23,IWF 250x125,211.9,493.4762357360401,144.1347087378641
gradient_boosting,4,2025-10-24,IWF 198x99,21.59,43.548557358388614,144.1347087378641
gradient_boosting,4,2025-10-24,IWF 200x100,76.7,92.93951417013093,144.1347087378641
gradient_boosting,4,2025-10-25,HB 150x150,83.95,74.30247110426033,144.1347087378641
gradient_boosting,4,2025-10-25,IWF 200x100,293.63,101.11594869112557,144.1347087378641
gradient_boosting,4,2025-10-26,HB 150x150,116.76,81.95666137260305,144.1347087378641
gradient_boosting,4,2025-10-26,L 130x130x10,80.02,83.35515498548051,144.1347087378641
gradient_boosting,4,2025-10-27,IWF 300x150,0.57,17.96276782020765,144.1347087378641
gradient_boosting,4,2025-10-27,L 130x130x12,78.53,121.27176673216985,144.1347087378641
gradient_boosting,4,2025-10-28,IWF 300x150,419.7,411.63778468484475,144.1347087378641
gradient_boosting,4,2025-10-29,L 150x150x12,77.9,101.14523111309101,144.1347087378641
gradient_boosting,4,2025-10-29,L 150x150x15,14.31,42.05634091478892,144.1347087378641
gradient_boosting,4,2025-10-30,IWF 150x75,41.43,177.5280572885287,144.1347087378641
gradient_boosting,4,2025-10-30,L 150x150x15,10.89,43.548557358388614,144.1347087378641
xgboost,1,2023-08-24,IWF 250x125,391.08,508.66326904296875,226.27295454545458
xgboost,1,2023-08-25,IWF 250x125,204.95,350.13043212890625,226.27295454545458
xgboost,1,2023-08-28,HB 125x125,273.03,194.0293731689453,226.27295454545458
xgboost,1,2023-09-18,IWF 250x125,473.84,434.3526916503906,226.27295454545458
xgboost,1,2023-09-19,IWF 248x124,169.62,58.07503128051758,226.27295454545458
xgboost,1,2023-09-20,IWF 200x100,78.72,71.4302749633789,226.27295454545458
xgboost,1,2023-10-18,WF 150x75,736.68,417.3273620605469,226.27295454545458
xgboost,1,2023-10-19,WF 150x75,227.64,170.50405883789062,226.27295454545458
xgboost,1,2023-10-20,WF 250x125,259.65,327.134765625,226.27295454545458
xgboost,1,2023-10-22,WF 200x100,3.2,167.75013732910156,226.27295454545458
xgboost,1,2023-11-08,HB 100x100,132.51,26.487863540649414,226.27295454545458
xgboost,1,2023-11-09,WF 200x100,138.02,138.76902770996094,226.27295454545458
xgboost,1,2023-11-10,HB 150x150,357.97,358.0037841796875,226.27295454545458
xgboost,1,2023-11-16,WF 150x75,92.57,280.25738525390625,226.27295454545458
xgboost,1,2023-11-17,WF 150x75,121.63,208.95338439941406,226.27295454545458
xgboost,1,2023-11-18,WF 250x125,215.96,394.48187255859375,226.27295454545458
xgboost,1,2023-11-19,WF 250x125,140.24,267.75433349609375,226.27295454545458
xgboost,1,2023-11-20,WF 200x100,282.15,148.8932342529297,226.27295454545458
xgboost,1,2023-12-06,WF 200x100,45.39,54.93940734863281,226.27295454545458
xgboost,1,2023-12-07,WF 200x100,27.84,202.44696044921875,226.27295454545458
xgboost,1,2023-12-08,WF 250x125,572.11,359.5969543457031,226.27295454545458
xgboost,1,2023-12-09,WF 250x125,227.24,290.77325439453125,226.27295454545458
xgboost,1,2023-12-11,WF 150x75,51.07,112.41500854492188,226.27295454545458
xgboost,1,2023-12-12,WF 150x75,4.7,88.3831787109375,226.27295454545458
xgboost,1,2024-01-12,WF 200x100,100.82,598.0530395507812,226.27295454545458
xgboost,1,2024-01-13,WF 200x100,30.35,234.05029296875,226.27295454545458
xgboost,1,2024-01-14,WF 200x100,42.89,188.7293243408203,226.27295454545458
xgboost,1,2024-01-21,UNP 100x50,0.31,84.32787322998047,226.27295454545458
xgboost,1,2024-01-22,WF 250x125,99.88,246.49105834960938,226.27295454545458
xgboost,1,2024-01-23,WF 250x125,158.69,85.84124755859375,226.27295454545458
xgboost,1,2024-01-24,WF 250x125,103.36,277.3435974121094,226.27295454545458
xgboost,1,2024-01-25,WF 150x75,14.45,159.81704711914062,226.27295454545458
xgboost,1,2024-02-19,UNP 150x75,303.66,108.26622009277344,226.27295454545458
xgboost,1,2024-02-20,WF 150x75,26.88,151.84872436523438,226.27295454545458
xgboost,1,2024-02-21,WF 150x75,60.31,322.7479553222656,226.27295454545458
xgboost,1,2024-02-22,WF 200x100,81.26,282.2023010253906,226.27295454545458
xgboost,1,2024-02-23,WF 200x100,77.25,528.0723266601562,226.27295454545458
xgboost,1,2024-03-18,HB 125x125,119.51,132.91986083984375,226.27295454545458
xgboost,1,2024-03-19,HB 150x150,633.69,511.6546936035156,226.27295454545458
xgboost,1,2024-03-20,IWF 250x125,99.53,419.84521484375,226.27295454545458
xgboost,2,2024-03-21,IWF 150x75,7.67,70.97262573242188,204.0078571428571
xgboost,2,2024-03-21,IWF 250x125,141.51,476.3318786621094,204.0078571428571
xgboost,2,2024-03-22,IWF 150x75,40.99,104.90817260742188,204.0078571428571
xgboost,2,2024-03-23,IWF 150x75,90.38,116.69612121582031,204.0078571428571
xgboost,2,2024-04-20,IWF 200x100,260.86,39.67964172363281,204.0078571428571
xgboost,2,2024-04-20,UNP 150x75,182.0,96.4220199584961,204.0078571428571
xgboost,2,2024-04-21,IWF 198x99,50.53,141.23873901367188,204.0078571428571
xgboost,2,2024-04-21,IWF 200x100,152.67,150.9834747314453,204.0078571428571
xgboost,2,2024-04-22,IWF 200x100,222.88,115.92903900146484,204.0078571428571
xgboost,2,2024-04-22,IWF 250x125,36.47,146.31190490722656,204.0078571428571
xgboost,2,2024-04-23,IWF 250x125,35.84,231.88429260253906,204.0078571428571
xgboost,2,2024-05-25,IWF 250x125,315.75,293.3251037597656,204.0078571428571
xgboost,2,2024-05-25,UNP 100x50,24.18,113.42852020263672,204.0078571428571
xgboost,2,2024-05-26,IWF 250x125,124.24,240.27003479003906,204.0078571428571
xgboost,2,2024-05-27,IWF 200x100,5.45,64.03900146484375,204.0078571428571
xgboost,2,2024-05-27,IWF 248x124,62.55,154.32598876953125,204.0078571428571
xgboost,2,2024-05-27,IWF 250x125,117.25,206.33151245117188,204.0078571428571
xgboost,2,2024-05-28,IWF 200x100,270.11,167.2922821044922,204.0078571428571
xgboost,2,2024-05-29,IWF 198x99,101.95,62.19440841674805,204.0078571428571
xgboost,2,2024-05-29,IWF 200x100,38.49,134.2930450439453,204.0078571428571
xgboost,2,2024-05-30,IWF 150x75,78.29,118.29196166992188,204.0078571428571
xgboost,2,2024-06-20,IWF 150x75,52.13,105.89138793945312,204.0078571428571
xgboost,2,2024-06-20,IWF 200x100,1.68,102.53064727783203,204.0078571428571
xgboost,2,2024-06-21,IWF 200x100,227.48,120.28431701660156,204.0078571428571
xgboost,2,2024-06-22,IWF 200x100,153.93,148.8241729736328,204.0078571428571
xgboost,2,2024-06-22,IWF 250x125,4.82,183.52947998046875,204.0078571428571
xgboost,2,2024-06-23,IWF 250x125,92.92,298.6742248535156,204.0078571428571
xgboost,2,2024-06-24,HB 150x150,25.33,187.46844482421875,204.0078571428571
xgboost,2,2024-06-24,IWF 250x125,209.13,259.947265625,204.0078571428571
xgboost,2,2024-06-25,HB 150x150,164.21,181.0762939453125,204.0078571428571
xgboost,2,2024-07-23,IWF 150x75,81.61,124.97956085205078,204.0078571428571
xgboost,2,2024-07-23,IWF 200x100,2.87,64.6097183227539,204.0078571428571
xgboost,2,2024-07-24,IWF 200x100,90.29,328.00579833984375,204.0078571428571
xgboost,2,2024-07-25,IWF 200x100,165.53,154.3930206298828,204.0078571428571
xgboost,2,2024-07-26,IWF 198x99,57.23,111.48419952392578,204.0078571428571
xgboost,2,2024-07-26,IWF 200x100,52.85,132.9704132080078,204.0078571428571
xgboost,2,2024-07-26,IWF 250x125,111.53,222.47377014160156,204.0078571428571
xgboost,2,2024-07-27,IWF 250x125,461.1,228.84652709960938,204.0078571428571
xgboost,2,2024-07-28,IWF 250x125,418.3,224.27435302734375,204.0078571428571
xgboost,2,2024-07-29,IWF 248x124,3.31,132.92950439453125,204.0078571428571
xgboost,2,2024-08-26,IWF 200x100,32.6,113.79188537597656,204.0078571428571
xgboost,2,2024-08-27,IWF 150x75,12.44,85.77102661132812,204.0078571428571
xgboost,2,2024-08-27,IWF 200x100,74.06,166.25917053222656,204.0078571428571
xgboost,2,2024-08-28,IWF 150x75,66.02,99.18257904052734,204.0078571428571
xgboost,2,2024-08-29,IWF 250x125,340.69,483.5140075683594,204.0078571428571
xgboost,2,2024-08-30,IWF 250x125,223.07,271.6699523925781,204.0078571428571
xgboost,2,2024-09-09,IWF 150x75,59.64,75.69795989990234,204.0078571428571
xgboost,2,2024-09-10,IWF 150x75,167.83,38.116268157958984,204.0078571428571
xgboost,2,2024-09-11,IWF 250x125,803.18,442.3105773925781,204.0078571428571
xgboost,2,2024-09-12,HB 150x150,239.59,173.68270874023438,204.0078571428571
xgboost,2,2024-09-13,IWF 200x100,362.16,159.72984313964844,204.0078571428571
xgboost,2,2024-09-14,IWF 200x100,253.56,148.2082977294922,204.0078571428571
xgboost,2,2024-10-24,HB 150x150,112.33,473.8042907714844,204.0078571428571
xgboost,2,2024-10-24,IWF 248x124,2.66,74.6357421875,204.0078571428571
xgboost,2,2024-10-25,IWF 248x124,19.37,161.6405487060547,204.0078571428571
xgboost,2,2024-10-25,IWF 250x125,75.09,305.2708740234375,204.0078571428571
xgboost,2,2024-10-26,IWF 198x99,2.99,135.0182342529297,204.0078571428571
xgboost,2,2024-10-26,IWF 250x125,12.16,205.25933837890625,204.0078571428571
xgboost,3,2024-10-27,IWF 200x100,14.8,192.3029327392578,174.17190140845074
xgboost,3,2024-10-28,IWF 150x75,2.57,105.93708038330078,174.17190140845074
xgboost,3,2024-10-28,IWF 200x100,3.96,116.63819885253906,174.17190140845074
xgboost,3,2024-10-29,HB 125x125,8.5,131.9225616455078,174.17190140845074
xgboost,3,2024-10-29,IWF 150x75,20.03,111.8886489868164,174.17190140845074
xgboost,3,2024-10-30,HB 125x125,13.03,18.592350006103516,174.17190140845074
xgboost,3,2024-11-25,HB 175x175,22.11,36.09404754638672,174.17190140845074
xgboost,3,2024-11-25,IWF 150x75,78.3,135.00833129882812,174.17190140845074
xgboost,3,2024-11-26,IWF 150x75,1.01,132.4005126953125,174.17190140845074
xgboost,3,2024-11-28,IWF 250x125,57.07,409.6585388183594,174.17190140845074
xgboost,3,2024-11-29,IWF 250x125,18.44,260.4358825683594,174.17190140845074
xgboost,3,2024-11-30,IWF 248x124,35.93,59.85306167602539,174.17190140845074
xgboost,3,2024-11-30,IWF 250x125,61.15,99.80168914794922,174.17190140845074
xgboost,3,2025-01-22,IWF 194x150,35.16,70.50666809082031,174.17190140845074
xgboost,3,2025-01-23,HB 175x175,123.62,34.54269027709961,174.17190140845074
xgboost,3,2025-01-24,HB 100x100,150.88,147.7696990966797,174.17190140845074
xgboost,3,2025-02-10,IWF 250x125,70.81,86.7315444946289,174.17190140845074
xgboost,3,2025-02-10,L 150x150x12,13.04,40.40338897705078,174.17190140845074
xgboost,3,2025-02-10,L 150x150x15,18.91,30.290950775146484,174.17190140845074
xgboost,3,2025-02-11,IWF 250x125,9.74,255.48585510253906,174.17190140845074
xgboost,3,2025-02-12,HB 150x150,0.71,78.75514221191406,174.17190140845074
xgboost,3,2025-02-12,IWF 250x125,16.82,149.4431610107422,174.17190140845074
xgboost,3,2025-02-13,HB 150x150,11.57,173.6320037841797,174.17190140845074
xgboost,3,2025-02-13,IWF 200x100,4.41,93.44417572021484,174.17190140845074
xgboost,3,2025-02-14,IWF 200x100,17.56,183.93490600585938,174.17190140845074
xgboost,3,2025-02-15,IWF 150x75,23.4,71.15855407714844,174.17190140845074
xgboost,3,2025-02-15,IWF 198x99,13.76,28.157806396484375,174.17190140845074
xgboost,3,2025-02-15,IWF 200x100,7.52,40.40338897705078,174.17190140845074
xgboost,3,2025-03-17,HB 175x175,53.22,35.000919342041016,174.17190140845074
xgboost,3,2025-03-17,IWF 250x125,236.89,142.792236328125,174.17190140845074
xgboost,3,2025-03-18,IWF 200x100,95.3,308.20037841796875,174.17190140845074
xgboost,3,2025-03-19,IWF 150x75,169.76,47.823238372802734,174.17190140845074
xgboost,3,2025-03-19,IWF 200x100,20.39,23.438596725463867,174.17190140845074
xgboost,3,2025-03-20,IWF 150x75,193.49,98.143310546875,174.17190140845074
xgboost,3,2025-03-20,L 150x150x15,73.6,19.541240692138672,174.17190140845074
xgboost,3,2025-03-21,L 150x150x12,6.08,18.722309112548828,174.17190140845074
xgboost,3,2025-03-21,L 150x150x15,71.71,33.0951042175293,174.17190140845074
xgboost,3,2025-04-21,L 130x130x10,75.08,28.215557098388672,174.17190140845074
xgboost,3,2025-04-21,L 130x130x12,1.22,41.09617614746094,174.17190140845074
xgboost,3,2025-04-22,IWF 300x150,140.49,123.81804656982422,174.17190140845074
xgboost,3,2025-04-23,L 150x150x12,136.56,151.2792205810547,174.17190140845074
xgboost,3,2025-04-23,L 150x150x15,47.2,4.274557590484619,174.17190140845074
xgboost,3,2025-04-24,IWF 200x100,26.33,126.99273681640625,174.17190140845074
xgboost,3,2025-04-25,IWF 150x75,114.41,172.3513641357422,174.17190140845074
xgboost,3,2025-04-26,IWF 150x75,4.7,86.32901000976562,174.17190140845074
xgboost,3,2025-05-19,IWF 300x150,277.27,214.21978759765625,174.17190140845074
xgboost,3,2025-05-19,UNP 200x80,16.86,32.007713317871094,174.17190140845074
xgboost,3,2025-05-20,IWF 200x100,97.62,140.7381591796875,174.17190140845074
xgboost,3,2025-05-20,IWF 300x150,50.43,53.496177673339844,174.17190140845074
xgboost,3,2025-05-21,IWF 200x100,169.3,61.20098876953125,174.17190140845074
xgboost,3,2025-05-21,IWF 248x124,62.67,17.520584106445312,174.17190140845074
xgboost,3,2025-05-21,IWF 250x125,48.92,41.37245559692383,174.17190140845074
xgboost,3,2025-05-22,IWF 250x125,290.93,336.1819152832031,174.17190140845074
xgboost,3,2025-05-23,IWF 250x125,129.46,220.72348022460938,174.17190140845074
xgboost,3,2025-05-24,IWF 250x125,77.42,49.096839904785156,174.17190140845074
xgboost,3,2025-05-24,UNP 100x50,167.62,74.9480972290039,174.17190140845074
xgboost,3,2025-06-24,IWF 300x150,323.93,105.31061553955078,174.17190140845074
xgboost,3,2025-06-24,UNP 150x75,133.43,14.714686393737793,174.17190140845074
xgboost,3,2025-06-25,IWF 300x150,133.44,387.06903076171875,174.17190140845074
xgboost,3,2025-06-26,IWF 198x99,89.49,81.98384857177734,174.17190140845074
xgboost,3,2025-06-26,IWF 200x100,7.1,32.554569244384766,174.17190140845074
xgboost,3,2025-06-26,IWF 300x150,45.31,49.67948532104492,174.17190140845074
xgboost,3,2025-06-27,IWF 200x100,238.01,501.96441650390625,174.17190140845074
xgboost,3,2025-06-28,IWF 200x100,278.89,205.87953186035156,174.17190140845074
xgboost,4,2025-06-30,IWF 150x75,16.13,269.61041259765625,144.1347087378641
xgboost,4,2025-07-01,IWF 150x75,173.57,58.42965316772461,144.1347087378641
xgboost,4,2025-07-01,IWF 250x125,40.76,72.6601791381836,144.1347087378641
xgboost,4,2025-07-02,IWF 250x125,109.27,121.4401626586914,144.1347087378641
xgboost,4,2025-07-03,HB 100x100,84.16,62.01072311401367,144.1347087378641
xgboost,4,2025-07-14,IWF 248x124,15.96,41.51432800292969,144.1347087378641
xgboost,4,2025-07-14,IWF 250x125,93.03,140.58639526367188,144.1347087378641
xgboost,4,2025-07-15,IWF 250x125,96.91,101.48458862304688,144.1347087378641
xgboost,4,2025-07-15,IWF 300x150,54.37,111.9722900390625,144.1347087378641
xgboost,4,2025-07-16,IWF 300x150,168.23,351.6329650878906,144.1347087378641
xgboost,4,2025-07-17,IWF 200x100,381.6,150.41624450683594,144.1347087378641
xgboost,4,2025-07-17,IWF 300x150,122.81,32.60139465332031,144.1347087378641
xgboost,4,2025-07-18,IWF 150x75,278.88,114.72533416748047,144.1347087378641
xgboost,4,2025-07-18,IWF 200x100,41.57,25.51774024963379,144.1347087378641
xgboost,4,2025-08-04,IWF 150x75,122.47,110.8685302734375,144.1347087378641
xgboost,4,2025-08-05,IWF 198x99,99.4,20.997013092041016,144.1347087378641
xgboost,4,2025-08-05,IWF 200x100,337.93,118.14537048339844,144.1347087378641
xgboost,4,2025-08-06,IWF 200x100,713.53,148.42825317382812,144.1347087378641
xgboost,4,2025-08-07,IWF 298x149,125.48,66.68611907958984,144.1347087378641
xgboost,4,2025-08-07,IWF 300x150,91.11,112.81059265136719,144.1347087378641
xgboost,4,2025-08-08,IWF 300x150,271.73,410.5230407714844,144.1347087378641
xgboost,4,2025-08-09,IWF 300x150,183.65,343.4350891113281,144.1347087378641
xgboost,4,2025-08-11,L 150x150x12,93.69,151.3134765625,144.1347087378641
xgboost,4,2025-08-12,IWF 248x124,310.25,70.93983459472656,144.1347087378641
xgboost,4,2025-08-12,IWF 250x125,658.04,62.558204650878906,144.1347087378641
xgboost,4,2025-08-13,HB 150x150,254.75,118.37480926513672,144.1347087378641
xgboost,4,2025-08-13,IWF 250x125,450.19,49.890220642089844,144.1347087378641
xgboost,4,2025-08-14,HB 125x125,109.99,23.928205490112305,144.1347087378641
xgboost,4,2025-08-14,HB 150x150,422.47,115.22244262695312,144.1347087378641
xgboost,4,2025-08-15,HB 125x125,45.03,75.63883209228516,144.1347087378641
xgboost,4,2025-09-15,IWF 248x124,155.28,57.39958953857422,144.1347087378641
xgboost,4,2025-09-15,IWF 250x125,263.35,53.156982421875,144.1347087378641
xgboost,4,2025-09-15,UB 248x124,13.86,4.265113830566406,144.1347087378641
xgboost,4,2025-09-15,UNP 250x90,71.41,29.292552947998047,144.1347087378641
xgboost,4,2025-09-16,IWF 250x125,475.02,173.02145385742188,144.1347087378641
xgboost,4,2025-09-17,IWF 198x99,30.79,24.70372200012207,144.1347087378641
xgboost,4,2025-09-17,IWF 250x125,145.31,124.74873352050781,144.1347087378641
xgboost,4,2025-09-18,IWF 200x100,83.77,118.4262466430664,144.1347087378641
xgboost,4,2025-09-19,IWF 150x75,2.21,44.375789642333984,144.1347087378641
xgboost,4,2025-09-19,IWF 200x100,52.84,65.21531677246094,144.1347087378641
xgboost,4,2025-09-20,IWF 150x75,11.56,65.999755859375,144.1347087378641
xgboost,4,2025-09-20,UB 150x75,0.37,8.991218566894531,144.1347087378641
xgboost,4,2025-09-21,IWF 300x150,65.49,60.48870849609375,144.1347087378641
xgboost,4,2025-09-21,L 150x150x15,68.67,81.37864685058594,144.1347087378641
xgboost,4,2025-09-22,IWF 300x150,140.93,222.317626953125,144.1347087378641
xgboost,4,2025-09-23,HB 175x175,93.12,70.75740051269531,144.1347087378641
xgboost,4,2025-09-23,L 130x130x12,122.63,72.7771987915039,144.1347087378641
xgboost,4,2025-10-20,UNP 150x75,370.29,153.09661865234375,144.1347087378641
xgboost,4,2025-10-21,IWF 250x125,121.1,170.3267364501953,144.1347087378641
xgboost,4,2025-10-22,IWF 250x125,98.83,104.75514221191406,144.1347087378641
xgboost,4,2025-10-23,IWF 250x125,211.9,266.7168884277344,144.1347087378641
xgboost,4,2025-10-24,IWF 198x99,21.59,43.7064323425293,144.1347087378641
xgboost,4,2025-10-24,IWF 200x100,76.7,77.10363006591797,144.1347087378641
xgboost,4,2025-10-25,HB 150x150,83.95,72.8433837890625,144.1347087378641
xgboost,4,2025-10-25,IWF 200x100,293.63,96.37158203125,144.1347087378641
xgboost,4,2025-10-26,HB 150x150,116.76,88.23236846923828,144.1347087378641
xgboost,4,2025-10-26,L 130x130x10,80.02,73.33326721191406,144.1347087378641
xgboost,4,2025-10-27,IWF 300x150,0.57,14.287362098693848,144.1347087378641
xgboost,4,2025-10-27,L 130x130x12,78.53,141.98037719726562,144.1347087378641
xgboost,4,2025-10-28,IWF 300x150,419.7,360.6383056640625,144.1347087378641
xgboost,4,2025-10-29,L 150x150x12,77.9,104.88021087646484,144.1347087378641
xgboost,4,2025-10-29,L 150x150x15,14.31,23.057565689086914,144.1347087378641
xgboost,4,2025-10-30,IWF 150x75,41.43,174.69200134277344,144.1347087378641
xgboost,4,2025-10-30,L 150x150x15,10.89,42.853759765625,144.1347087378641
